dataset,image,gt_id_1,gt_id_2,merged,interface_len_px,local_contrast,n_query_on_band,S1,base_grad_raw,base_grad_fastgp,base_grad_dist,S2_q2.0,S3_p90_q2.0,S3_p95_q2.0,S3_p99_q2.0,S2_q1.5,S3_p90_q1.5,S3_p95_q1.5,S3_p99_q1.5
nuclei,nuclei_figure_1,2,3,True,48,-0.0014534883721069036,14,2.7898207815764526,4.174790561212608,2.5154877586750226,0.9738175576999838,2.872450314866614,0.004339285714285714,5.714285714285715e-05,0.0,2.9275956915636607,0.015078571428571427,0.0018392857142857145,3.5714285714285718e-06
nuclei,nuclei_figure_1,3,16,False,13,15.35982834817139,13,1.5516991158307012,3.7148341202425277,1.576041641780692,0.11538461538461539,1.7122074684475177,0.0,0.0,0.0,1.8111353732574582,0.0003769230769230769,5.769230769230769e-05,0.0
nuclei,nuclei_figure_1,4,5,True,47,6.248723812635291,26,1.994691821703689,3.233521749770028,1.982437725632064,0.8843628550242795,2.1395004089974075,0.00014615384615384618,0.0,0.0,2.223330615643627,0.0034557692307692306,0.0003115384615384615,0.0
nuclei,nuclei_figure_1,15,19,True,52,-8.62177378542512,29,2.549986000436336,5.146007839533563,2.5483470772009955,0.9361041964215107,2.679115315438973,0.04321896551724138,0.004908620689655172,0.0,2.752279557985988,0.053608620689655176,0.011039655172413794,0.00015172413793103446
nuclei,nuclei_figure_1,15,28,False,18,9.413536776212823,18,2.1565151471657864,4.868957027661051,2.1242537879752077,0.8811991480847049,2.2929967599731182,0.00035555555555555557,0.0,0.0,2.371397268495334,0.004522222222222223,0.00041944444444444435,0.0
nuclei,nuclei_figure_1,16,25,True,44,-3.586638194020736,20,2.0522334949682812,4.488251064958594,1.901761040060776,0.8771891645545205,2.1765601755064514,9.75e-05,0.0,0.0,2.2532960271856246,0.0024425,0.0001875,0.0
nuclei,nuclei_figure_1,24,27,True,54,5.744403368248101,31,1.1185717781025095,2.44921543478312,1.1134654572740632,0.9490359000732934,1.3507469369883915,0.0,0.0,0.0,1.4774895244729376,0.00010967741935483871,9.67741935483871e-06,0.0
nuclei,nuclei_figure_1,40,46,True,37,18.31296377127893,25,1.995532720209469,5.254498838247838,1.7685993079042372,0.6465379127074473,2.151660242929729,0.002232,2e-05,0.0,2.240732962842432,0.009281999999999999,0.0011619999999999998,1.2e-05
nuclei,nuclei_figure_1,46,52,False,28,8.506540447504307,27,3.4289770573694054,6.501441206655331,3.2452881914803053,0.6939665244544903,3.4952344777188733,0.04252592592592593,0.002637037037037037,1.8518518518518519e-06,3.538925546554977,0.06399999999999999,0.010903703703703704,0.00012037037037037039
nuclei,nuclei_figure_1,52,55,False,36,14.033361865166682,31,2.196221778547173,5.009251655670758,2.141689655384151,0.4609188805988727,2.3518863558261347,0.009604838709677418,0.00029193548387096776,0.0,2.4356863613487594,0.018930645161290317,0.002675806451612903,1.6129032258064517e-05
nuclei,nuclei_figure_1,54,61,False,46,9.574759858442889,20,1.4981761312273478,5.043158425551094,1.4481670612963824,0.8353575348830912,1.6921171653514162,5e-06,0.0,0.0,1.7970907707704733,0.0008824999999999999,4.75e-05,0.0
nuclei,nuclei_figure_1,58,66,True,54,8.698860398860376,24,3.8688738696183207,6.657183206064592,3.981547765416965,0.8423299950538016,3.9576709211388255,0.28431875,0.14197916666666668,0.008749999999999999,4.007475852720597,0.28953333333333325,0.15085833333333334,0.014304166666666666
nuclei,nuclei_figure_1,62,64,False,24,14.369515334676521,24,2.819226743000008,5.558647595106364,3.111665843369977,0.8093943582361754,2.9388167953158444,0.08647916666666666,0.01979166666666667,2.4999999999999998e-05,3.0081435760256556,0.09734166666666666,0.02786875,0.00060625
nuclei,nuclei_figure_1,64,69,True,53,5.88700224212306,20,6.700352485677898,9.3312690738851,6.3294138571435745,0.8996067794933467,6.730801343765475,0.68448,0.59358,0.27451250000000005,6.749962314838501,0.6912775000000001,0.5908375,0.28226499999999993
nuclei,nuclei_figure_1,74,80,True,54,8.283862867788514,24,1.7654139598735157,5.8720051493823915,1.8172278833381712,0.8902405018737993,1.9345722907497318,1.6666666666666667e-05,0.0,0.0,2.02797836608041,0.00185625,0.00015208333333333333,0.0
nuclei,nuclei_figure_1,82,86,False,34,11.938687193627459,32,3.7578851043552834,8.57401668930471,3.5640850705077414,0.8745901703472186,3.837375640867216,0.20071875,0.0548359375,7.34375e-05,3.884423016134793,0.21359218749999997,0.0685609375,0.0015656250000000002
nuclei,nuclei_figure_1,86,89,True,56,5.071144121365364,21,2.58751648648304,6.060718165747106,2.5465394146500535,0.8921636922495612,2.70292872579322,0.01703333333333333,0.0006952380952380953,0.0,2.771590111534934,0.03101666666666666,0.0048095238095238095,4.761904761904762e-05
nuclei,nuclei_figure_1,91,98,False,32,13.577328052550229,30,1.8635531647781283,5.2432311478001,1.852038192228897,0.5839715826693401,2.037831903910009,0.0012983333333333332,1.1666666666666666e-05,0.0,2.1314712820727353,0.006098333333333332,0.0007266666666666668,0.0
nuclei,nuclei_figure_1,92,101,False,33,10.988310929281113,20,2.332170034411667,4.6401496053354,2.227475550673717,0.8577273664747951,2.4695690244464332,0.0032,2.2499999999999998e-05,0.0,2.5435715887152357,0.012879999999999999,0.0017174999999999998,1.25e-05
nuclei,nuclei_figure_1,97,102,True,52,7.184615384615398,30,4.252327883620283,6.730662415886082,4.120382930887253,0.9578460272098065,4.304465530634322,0.21457833333333332,0.037169999999999995,1.5000000000000002e-05,4.338183448247603,0.23396333333333338,0.05888333333333336,0.0010483333333333332
nuclei,nuclei_figure_1,103,108,True,52,-2.300387382401766,32,2.0458587874234357,2.9504978001030713,2.2440739516987893,0.9352201701577123,2.281301962078392,0.0602359375,0.0219078125,0.00014687499999999998,2.379855781208846,0.0664671875,0.026753125,0.0011203125
nuclei,nuclei_figure_1,108,112,True,38,7.7334038614123415,19,3.992823343343409,7.314421394847218,3.69622859161492,0.9992695729456136,4.048639237182703,0.1543921052631579,0.03320263157894737,3.157894736842105e-05,4.086350844446653,0.17503684210526319,0.04772894736842106,0.001094736842105263
nuclei,nuclei_figure_1,110,115,True,66,2.922690317812254,18,1.6627070583974346,5.337830121428532,1.616100940363058,0.8891329534176885,1.8031820978887627,2.777777777777778e-06,0.0,0.0,1.8964683635559152,0.0007166666666666667,4.9999999999999996e-05,0.0
nuclei,nuclei_figure_1,115,123,False,39,14.674220963172814,18,1.5786743560641563,4.4536473018064004,1.5315988794362572,0.8866499299297594,1.832280219386515,2.5e-05,0.0,0.0,1.9357075067787999,0.002075,0.00018333333333333334,0.0
nuclei,nuclei_figure_1,125,126,False,35,5.020217917675552,25,4.297193389440614,7.507910240134473,4.040043781867331,0.9034669744506609,4.35464980510455,0.29289000000000004,0.146358,0.012458,4.391987159527057,0.30257,0.15718400000000002,0.018096
nuclei,nuclei_figure_1,133,137,True,92,-2.196376811594206,31,3.8869400998113406,6.523023425208826,3.7986452124919516,0.8794059592769031,3.9460857738462174,0.16420483870967736,0.06566774193548389,0.0019370967741935486,3.985831280990147,0.1807596774193548,0.07615,0.0046532258064516125
nuclei,nuclei_figure_1,135,139,True,64,13.58168118776672,31,2.453818454949944,6.5590347673667235,1.8016445785552033,0.7862426020496996,2.589720016507894,0.044024193548387096,0.010651612903225808,9.677419354838709e-06,2.665548772998838,0.054012903225806465,0.015061290322580644,0.00030161290322580647
nuclei,nuclei_figure_1,144,149,False,23,8.05241545893719,20,1.7694245305767318,4.876977478348999,1.8219713960159531,0.7803793832574638,1.9219344416172082,0.0,0.0,0.0,2.0111549144642153,0.0006425000000000001,3.25e-05,0.0
nuclei,nuclei_figure_1,149,154,False,52,11.009862227324902,32,1.8797477655026813,8.314533009869834,1.7211586512812942,0.6481877132418622,2.059490788979412,0.0110859375,0.0008156249999999999,0.0,2.1553727913113843,0.0165703125,0.0029796875,3.28125e-05
nuclei,nuclei_figure_1,164,165,True,92,2.711670480549202,30,4.146109313834404,8.953603967892096,3.6806579709714033,0.8999084905897669,4.19827471885089,0.1715283333333333,0.02009833333333333,1.6666666666666667e-06,4.232591357105214,0.19307166666666667,0.04055666666666668,0.0006200000000000001
nuclei,nuclei_figure_1,165,170,True,83,4.660181979049469,30,3.9181082118351074,5.328796497527578,3.8718872415268826,0.9143574327799341,3.9827603407880736,0.22641166666666665,0.09259,0.0012283333333333334,4.025419649148572,0.23682166666666665,0.10328666666666668,0.004715
nuclei,nuclei_figure_1,176,188,False,19,14.629072681704258,19,2.669594053523618,4.703286147413918,2.529690093199047,0.8276181585874648,2.7911076184656864,0.02246842105263158,0.0010026315789473683,0.0,2.855673256018921,0.034613157894736846,0.005663157894736842,4.210526315789474e-05
nuclei,nuclei_figure_1,181,184,False,49,9.653817082388514,26,2.919123061927787,8.089185462939822,2.6022485209898654,0.9099917247271498,3.0163141775533933,0.05160384615384615,0.004678846153846154,0.0,3.0755739138655356,0.06499038461538462,0.012605769230769233,0.00017692307692307693
nuclei,nuclei_figure_1,198,204,True,64,9.305254337539424,18,1.599032060517042,5.577884214097747,1.714251034142248,0.9131471069316555,1.7776019819688516,2.777777777777778e-06,0.0,0.0,1.8785149298737929,0.0010138888888888888,6.666666666666666e-05,0.0
nuclei,nuclei_figure_1,205,207,False,18,7.7810212907518235,18,2.239841069246032,5.147043685632315,2.13127172120234,0.8950116912542381,2.3632709442913664,0.004019444444444444,5.277777777777777e-05,0.0,2.44093545735969,0.011636111111111111,0.0015500000000000002,1.111111111111111e-05
nuclei,nuclei_figure_1,209,215,True,64,6.605654761904759,22,2.1834994984003497,7.6807103770083645,2.0416752430743874,0.8520377360288411,2.2998810959512705,9.772727272727273e-05,2.2727272727272728e-06,0.0,2.373537934340979,0.0027704545454545456,0.00024318181818181817,0.0
nuclei,nuclei_figure_1,226,227,True,40,10.346002386634837,31,2.0308496207499114,5.312414489992618,1.916578913045137,0.6978119629677433,2.16533103595748,0.0004064516129032258,8.064516129032258e-06,0.0,2.2472821562978456,0.004362903225806452,0.00043225806451612896,1.6129032258064516e-06
nuclei,nuclei_figure_1,230,235,True,71,12.803006500541727,31,3.3310626109227623,6.667759716117379,2.711735943039257,0.9029810663169758,3.414806004092227,0.15470483870967744,0.03842741935483871,3.387096774193549e-05,3.4705296118487157,0.16486290322580643,0.04971935483870967,0.0012000000000000001
nuclei,nuclei_figure_1,235,237,True,59,0.14515428074750503,28,2.1618143069117637,4.1829891658803495,1.7916033615632323,0.9294345772297029,2.277157171608452,0.0071678571428571425,0.0002928571428571429,0.0,2.3534459235851566,0.013126785714285714,0.00205,1.25e-05
nuclei,nuclei_figure_1,237,250,False,29,11.31402334136078,27,4.0172374381882685,5.682024892666175,3.652423901827319,0.5780359823262692,4.074167249140764,0.23679814814814815,0.0653962962962963,9.62962962962963e-05,4.113975624547226,0.24888518518518518,0.08110925925925926,0.0021537037037037037
nuclei,nuclei_figure_1,240,245,False,46,12.6935523715415,20,2.090598897068533,6.147046663245441,2.0771687415738724,0.5035533905932738,2.278589328253966,0.0066375,0.00010499999999999999,0.0,2.369506823114742,0.015455000000000002,0.0019525,9.999999999999999e-06
nuclei,nuclei_figure_1,263,268,False,48,11.36653194765205,31,2.359393010959193,4.654630787675817,2.2047885560360845,0.04838709677419355,2.505963370524441,0.05113064516129031,0.009111290322580644,9.677419354838709e-06,2.5865955353172745,0.05878548387096775,0.01470806451612903,0.00030161290322580647
nuclei,nuclei_figure_1,271,276,False,25,9.869521410579353,20,1.6987096691260142,4.0416497698362495,1.6010915122418392,0.175,1.8483338540302914,0.0,0.0,0.0,1.9421955838966565,0.0006575,4.4999999999999996e-05,0.0
nuclei,nuclei_figure_1,276,279,False,41,6.649717514124291,24,1.6012052039030975,5.359371773453539,1.6896530502932425,0.125,1.8197297438396387,0.00037499999999999995,0.0,0.0,1.9234832093411178,0.0031249999999999997,0.00035624999999999996,4.166666666666667e-06
nuclei,nuclei_figure_1,286,298,True,47,5.9355131589950645,30,2.4366966279511,4.858055135587681,2.341836092703393,0.8682417566737864,2.537446174449377,0.007586666666666666,0.00028,0.0,2.6050140701278224,0.014655,0.0020083333333333333,1.6666666666666667e-05
nuclei,nuclei_figure_1,288,292,True,56,1.2942246415294676,27,2.1070315350216995,8.466442443559858,1.7838557807318256,0.9364084279085153,2.2166340408387017,7.777777777777777e-05,0.0,0.0,2.2913181804454257,0.0023333333333333327,0.0002037037037037037,0.0
nuclei,nuclei_figure_1,291,294,False,22,10.52400863231722,22,1.9521872826318358,6.517246610042752,1.4679300472285737,0.327020569478665,2.088740931260091,0.00024545454545454545,0.0,0.0,2.1745347379019395,0.002768181818181818,0.0003,0.0
nuclei,nuclei_figure_1,292,297,False,18,13.93386880856761,18,1.689532024673914,4.814928982157272,1.5933736477502487,0.7459336687213127,1.8491676088589826,2.777777777777778e-06,0.0,0.0,1.9412233459273085,0.0007777777777777777,6.111111111111111e-05,0.0
nuclei,nuclei_figure_1,293,299,True,35,-2.1542367219686014,21,4.301776549866698,6.683813108782919,4.103628438176016,0.9049487109359636,4.352923140046632,0.24258333333333337,0.1161880952380952,0.0029357142857142854,4.38609148999839,0.25693571428571427,0.12518809523809526,0.007604761904761904
nuclei,nuclei_figure_1,294,299,False,86,3.9626345915222316,27,2.211186407965812,6.956421055669389,1.8337170836828294,0.7292755780075758,2.3525555688958453,0.0023648148148148144,1.8518518518518518e-05,0.0,2.4329259788252875,0.010011111111111111,0.0011685185185185184,1.2962962962962962e-05
nuclei,nuclei_figure_1,299,305,False,10,17.92352941176469,10,1.5036163602368826,7.749756702748604,1.1812264801277126,0.0,1.674409482652959,0.0,0.0,0.0,1.7775640777065498,0.000355,3.5000000000000004e-05,0.0
nuclei,nuclei_figure_1,305,306,False,29,10.23947597545913,26,2.2323097535622836,5.17334801581824,2.1398842288363067,0.46888685735369684,2.3459243058795622,0.000903846153846154,9.615384615384616e-06,0.0,2.4177177680499455,0.005265384615384616,0.0006057692307692308,0.0
nuclei,nuclei_figure_1,305,312,False,56,6.987968591691981,32,1.12557850704704,6.398808200387011,1.1601589591035761,0.7073693416759806,1.425879297895133,9.375e-06,0.0,0.0,1.5508828205207494,0.000625,4.0625e-05,0.0
nuclei,nuclei_figure_1,306,310,False,32,15.375612745098039,30,2.306933774190105,5.312871903987715,2.226282253434204,0.4814319664545604,2.448325501122621,0.028945,0.003031666666666667,0.0,2.527331968525424,0.03676,0.007261666666666666,0.000105
nuclei,nuclei_figure_1,307,315,False,48,11.48565745393637,22,1.6077392916217357,5.750208998857678,1.5279075443821428,0.7432531631480537,1.7907629018112556,9.090909090909091e-06,0.0,0.0,1.8915056306691589,0.0016068181818181817,0.00013181818181818184,0.0
nuclei,nuclei_figure_1,308,310,False,33,4.02930055048455,22,1.9989248204357315,5.339849514533634,1.8192640039224606,0.912281021498417,2.134742699976076,0.0003818181818181818,2.2727272727272728e-06,0.0,2.216890739622831,0.004236363636363636,0.00043409090909090915,2.2727272727272728e-06
nuclei,nuclei_figure_1,312,317,False,38,-2.5133281447611466,28,2.224472998323149,4.451679074154004,2.362325797527983,0.8997827039221001,2.3768089868481423,0.07876607142857142,0.021692857142857146,3.035714285714286e-05,2.464192380342573,0.08199999999999999,0.027076785714285716,0.0006964285714285715
nuclei,nuclei_figure_1,313,315,False,28,6.837953091684426,27,2.4612052083964886,5.300081992284599,2.215796285600308,0.8105668481092161,2.5739342265699574,0.005685185185185186,0.00015925925925925927,0.0,2.64263009416204,0.01429074074074074,0.0016981481481481483,1.111111111111111e-05
nuclei,nuclei_figure_1,318,323,False,31,12.067414833922811,29,3.859079084225405,6.7865159584233234,3.531760818787077,0.9227998931000364,3.9214010798092107,0.20009655172413787,0.03971896551724137,3.103448275862069e-05,3.9641006460810995,0.21326206896551722,0.0571448275862069,0.0012603448275862069
nuclei,nuclei_figure_1,327,328,True,36,-10.250983742363047,18,4.261014988212275,7.182153694800435,4.2427824594089225,0.9066618613166109,4.304868651934125,0.07787777777777777,0.0027277777777777773,0.0,4.33336901546572,0.12058055555555554,0.020100000000000003,0.00021111111111111113
whole_cell,whole_cell_figure_1,1,12,True,44,-0.7409090909090992,29,17.824793440017743,18.18090587734623,17.655803734191412,0.9212634870040964,17.878489425048322,0.06515,0.03199310344827586,0.0,17.91050142087067,0.0654655172413793,0.031129310344827583,0.0
whole_cell,whole_cell_figure_1,4,7,False,23,17.663947123825267,4,9.938943816897499,10.260402785601844,10.524910750223206,0.625,10.0518154036067,0.0,0.0,0.0,10.121057003586305,0.0,0.0,0.0
whole_cell,whole_cell_figure_1,6,20,False,19,36.63937621832359,18,14.376372035924277,13.36006520899804,13.2405824096436,0.39701468721899846,14.425061580459852,0.0,0.0,0.0,14.45587751050188,0.0,0.0,0.0
whole_cell,whole_cell_figure_1,7,21,True,47,14.692165785266269,20,12.315538781704158,12.124113787421516,11.571205664494348,0.8915695985865391,12.385334940535358,0.0,0.0,0.0,12.430054033768638,0.0,0.0,0.0
whole_cell,whole_cell_figure_1,8,9,True,60,12.03659217877096,27,7.775968802050073,9.703795343524664,8.65095062840127,0.8809867682482501,7.907151725970142,0.0,0.0,0.0,7.984096507213135,0.0,0.0,0.0
whole_cell,whole_cell_figure_1,10,31,True,17,36.89853757665929,17,13.334884164384091,12.552691169766021,12.39910896611339,0.6748367826420094,13.401611984913615,0.0,0.0,0.0,13.448097285511569,8.823529411764707e-06,0.0,0.0
whole_cell,whole_cell_figure_1,16,17,False,16,40.21947900466563,16,12.151347297453896,11.890852766166244,12.118006054858633,0.4718312122740297,12.24088689713257,0.0,0.0,0.0,12.29529648590346,0.0,0.0,0.0
whole_cell,whole_cell_figure_1,27,31,True,26,-1.665837104072395,24,16.00361435656822,15.934624152331182,15.714286471912216,0.891645306677852,16.108880239840023,0.08017291666666668,1.0416666666666666e-05,0.0,16.162485286884095,0.07847916666666667,0.00028958333333333337,0.0
whole_cell,whole_cell_figure_1,31,34,False,22,35.23206839032527,20,13.354150156283794,14.429180294832165,13.682151969906894,0.8038040746211941,13.421557726262005,0.0,0.0,0.0,13.463890996865874,2.75e-05,0.0,0.0
whole_cell,whole_cell_figure_1,35,38,False,12,31.045302013422813,12,15.307115518033699,13.37719213660855,13.448466340733306,0.4302097036421533,15.338348930515643,2.4999999999999998e-05,0.0,0.0,15.358664294514801,0.000775,0.0,0.0
whole_cell,whole_cell_figure_1,40,371,False,14,9.790201944652196,14,18.029950790611764,16.87952835614916,16.847725465089635,0.9072544370511731,18.094592489917112,0.35642857142857143,0.19500714285714288,0.0,18.15592798606684,0.35312499999999997,0.1971607142857143,2.8571428571428574e-05
whole_cell,whole_cell_figure_1,41,42,False,18,53.212475633528264,18,13.885407543197003,12.541743775967994,13.70943341620556,0.1388888888888889,13.971255842855175,0.0003638888888888889,0.0,0.0,14.032039905200453,0.001797222222222222,0.0,0.0
whole_cell,whole_cell_figure_1,46,53,True,43,23.6528771615981,18,12.48741731914192,12.019263365545552,11.334086026943728,0.8947983344916393,12.591715499635493,0.002552777777777778,0.0,0.0,12.659899530269943,0.0062361111111111115,1.388888888888889e-05,0.0
whole_cell,whole_cell_figure_1,55,61,False,12,43.17547723935389,12,9.989891112752364,10.865561941042776,10.601277208931418,0.7862111915455525,10.064064170562775,0.0,0.0,0.0,10.114089265869069,0.0,0.0,0.0
whole_cell,whole_cell_figure_1,59,77,False,4,40.45858895705521,4,5.924879783882704,5.670608391712757,5.8533182537644395,0.125,6.109165123879079,0.0,0.0,0.0,6.233718041743674,0.0,0.0,0.0
whole_cell,whole_cell_figure_1,64,66,False,9,46.40650406504066,9,10.754875970493982,12.518005245613013,12.345537869871947,0.2222222222222222,10.899911220986931,0.0,0.0,0.0,10.981556005294692,0.0,0.0,0.0
whole_cell,whole_cell_figure_1,72,89,True,44,-27.502252512417684,24,18.600364909543682,17.831331759433628,17.79810738067435,0.9350583658572656,18.62652393003764,6.25e-06,0.0,0.0,18.641398723713348,0.00021666666666666668,0.0,0.0
whole_cell,whole_cell_figure_1,79,91,False,19,38.16264090177134,19,6.01466130147845,5.580958074491096,5.613712124169157,0.6748493234530257,6.181990581586755,0.0,0.0,0.0,6.291443636455867,0.0,0.0,0.0
whole_cell,whole_cell_figure_1,80,85,False,20,39.94183673469387,19,11.437309027752184,10.467580627173762,10.841648066309759,0.42598637727388744,11.54304102363905,0.0,0.0,0.0,11.609593942137344,0.0,0.0,0.0
whole_cell,whole_cell_figure_1,83,88,True,48,14.206259150805266,32,10.789915547563112,11.31501475669022,10.972341528149194,0.921084134933065,10.906893541493979,0.0,0.0,0.0,10.969485498358727,1.5625e-06,0.0,0.0
whole_cell,whole_cell_figure_1,84,97,True,47,-6.297962115091124,22,5.369424519907396,5.798641384061605,5.552642917437946,0.9101023404858782,5.5245636167985275,0.0,0.0,0.0,5.635093514640243,0.0,0.0,0.0
whole_cell,whole_cell_figure_1,89,104,False,5,42.01812778603269,5,11.82895787453352,10.93760870417773,11.1944639380367,1.0010357876512073,11.859027587447985,0.0,0.0,0.0,11.882904897042266,0.0,0.0,0.0
whole_cell,whole_cell_figure_1,93,116,False,12,37.30519125683061,12,7.567688146280028,7.560885562044767,7.26675224218221,0.7717528614743624,7.691914670530927,0.0,0.0,0.0,7.772019332060482,0.0,0.0,0.0
whole_cell,whole_cell_figure_1,95,101,False,44,24.618466898954708,30,17.123636618672997,18.17210727213262,18.008390488895483,0.884351277852796,17.18879977574526,0.20741666666666667,0.11299833333333333,0.013619999999999998,17.230682101518017,0.206765,0.11439833333333335,0.015551666666666667
whole_cell,whole_cell_figure_1,96,103,False,29,33.94619967503159,26,15.080431053882364,17.036041882705444,16.32960956731903,0.3410494865273585,15.14956929279899,0.048650000000000006,0.00013846153846153845,0.0,15.19378294796567,0.05057307692307692,0.0010653846153846154,0.0
whole_cell,whole_cell_figure_1,96,113,True,55,17.850404468412947,24,26.705461180319613,24.072341597995962,24.081865151655077,0.8292707957136726,26.741820196228137,0.40705416666666666,0.25360625000000003,0.00048750000000000003,26.76617902120907,0.4076104166666667,0.25514374999999995,0.0023833333333333332
whole_cell,whole_cell_figure_1,97,99,True,59,10.984092270040875,26,12.127900099096816,11.235029492330755,11.1992052252474,0.8028118496942637,12.197777399000376,0.008948076923076923,0.0,0.0,12.244037213941478,0.011642307692307691,5.000000000000001e-05,0.0
whole_cell,whole_cell_figure_1,97,110,False,22,42.00141414141414,21,10.9914200506848,10.262841117055203,10.18724193102045,0.34667804600750163,11.082826140798428,0.002180952380952381,0.0,0.0,11.135208827110329,0.004078571428571428,1.1904761904761905e-05,0.0
whole_cell,whole_cell_figure_1,98,108,True,40,19.964086294416248,23,13.163973957158941,13.066488187190954,12.952304772772885,0.9036095738895059,13.219446164621534,0.0006478260869565217,0.0,0.0,13.256232296693673,0.0020304347826086955,8.695652173913044e-06,0.0
whole_cell,whole_cell_figure_1,102,111,False,26,11.332493702770776,26,17.857333410742044,17.509470282863962,17.55247810127905,0.8755102986267009,17.909664747873563,0.04043846153846154,0.00042307692307692304,0.0,17.942449991745093,0.04155961538461538,0.0015807692307692306,0.0
whole_cell,whole_cell_figure_1,104,111,False,37,34.97745642839101,30,16.69086092848507,16.853483940399993,16.386115754600844,0.9345168598250242,16.748276264169156,0.056615,0.033348333333333334,1.6666666666666667e-06,16.785203966989005,0.058631666666666665,0.033536666666666666,0.00012166666666666667
whole_cell,whole_cell_figure_1,104,112,True,32,-7.196387614678898,31,19.029866758174443,19.97469386554931,19.88537114550946,0.8762212598314331,19.073771696371484,0.11809677419354839,0.06429677419354839,2.4193548387096773e-05,19.10306503755726,0.11822903225806451,0.0642241935483871,0.0003596774193548387
whole_cell,whole_cell_figure_1,105,377,False,27,26.946097883597886,22,21.39512792088157,18.611712616758634,19.270310101213017,0.8634965343085755,21.458224930236284,0.1529681818181818,0.11619090909090907,0.0,21.494703325778833,0.15807954545454544,0.11460454545454546,0.00011136363636363636
whole_cell,whole_cell_figure_1,106,114,True,33,-10.256728778467902,20,18.892656001296732,20.73285041890198,20.081675389146596,0.9038315097478904,18.926178137895178,0.15041999999999997,0.021595,0.0,18.947979407772248,0.15316000000000002,0.022537500000000002,0.0
whole_cell,whole_cell_figure_1,113,123,False,25,16.96390243902438,24,10.45977626418273,12.13357112551362,11.629757575314294,0.7796270130363673,10.592932881399603,0.0,0.0,0.0,10.67139819714439,0.0,0.0,0.0
whole_cell,whole_cell_figure_1,115,131,False,13,33.43053573744974,13,9.004992289321263,9.395781805325171,9.138525362259138,0.5879927432079183,9.0835171406973,0.0,0.0,0.0,9.13402303037189,0.0,0.0,0.0
whole_cell,whole_cell_figure_1,118,121,True,41,-9.458980044345907,31,14.393236857289837,14.755825763913382,14.58695176800955,0.9149840478166081,14.455953206043501,0.00018064516129032257,0.0,0.0,14.495129310124362,0.0011209677419354838,0.0,0.0
whole_cell,whole_cell_figure_1,123,126,True,81,2.570264496247148,32,17.604478883367058,17.566518613457426,17.409164269853555,0.8701321636888771,17.667244642273538,0.007507812500000001,0.0,0.0,17.701909459271462,0.0103140625,2.03125e-05,0.0
whole_cell,whole_cell_figure_1,126,129,False,24,31.95032051282051,24,7.517714249300158,8.8708690879695,8.543548700123454,0.6314446352340376,7.672206858791289,0.0,0.0,0.0,7.767772055158154,0.0,0.0,0.0
whole_cell,whole_cell_figure_1,129,135,False,24,-7.108949416342412,24,30.450296454963574,30.46470017722346,30.53865577673601,0.8435336421157446,30.485025305520224,0.5259312500000001,0.42482291666666666,0.03175208333333334,30.50568191914361,0.5283875,0.42019999999999996,0.03221458333333333
whole_cell,whole_cell_figure_1,130,379,True,4,-78.4225721784777,4,18.415981077762684,19.04898614995126,19.083965641432037,0.7022882759248292,18.445845916256197,0.0,0.0,0.0,18.467149019563415,0.0,0.0,0.0
whole_cell,whole_cell_figure_1,134,135,False,14,40.85052034058656,14,14.240651303128251,18.17346324898615,16.782363555074777,0.4707835610515208,14.39003698419656,0.0,0.0,0.0,14.453832078704568,1.4285714285714284e-05,0.0,0.0
whole_cell,whole_cell_figure_1,135,142,True,20,24.954945054945057,20,15.664433828418932,17.426784686346785,16.11671120305383,0.7171139759264543,15.715233455361517,0.1448425,0.0205875,0.0,15.751080520093094,0.1415925,0.024215,0.0
whole_cell,whole_cell_figure_1,137,150,False,19,11.785191028964277,19,7.595048060609951,7.361014089803735,7.2668563626459495,0.37160410170079305,7.748935196613452,0.0,0.0,0.0,7.835625659326891,0.0,0.0,0.0
whole_cell,whole_cell_figure_1,143,150,False,42,29.00203252032521,31,9.411140305434929,9.744084807611458,9.437483884545518,0.18369201704937513,9.523689395931703,0.0,0.0,0.0,9.59166271678994,0.0,0.0,0.0
whole_cell,whole_cell_figure_1,146,153,True,33,-16.53691045796309,20,25.90976953659227,27.823071514748897,26.789268946808527,0.8589312738215436,25.94722445446133,0.2329275,0.15570250000000002,0.0352525,25.975713901293705,0.237425,0.156165,0.03461
whole_cell,whole_cell_figure_1,151,375,False,4,11.741347905282325,4,10.160817085136037,13.343578245450164,12.75972554522039,0.7870127058629948,10.237413782470824,0.0,0.0,0.0,10.282387451954257,0.0,0.0,0.0
whole_cell,whole_cell_figure_1,152,160,False,26,42.47826086956522,26,17.67012964971831,17.684888985897608,17.322769132528414,0.4497866357127165,17.744394579566055,0.052132692307692304,4.9999999999999996e-05,0.0,17.79062805248646,0.05577499999999999,0.0006538461538461539,0.0
whole_cell,whole_cell_figure_1,152,163,False,37,36.91346153846153,20,13.128467002275116,12.08367316323793,12.015136004126955,0.6132891955349395,13.187345834244729,0.0334075,0.0,0.0,13.233294304290718,0.0372775,0.00020999999999999998,0.0
whole_cell,whole_cell_figure_1,154,161,True,26,1.083848025453861,22,12.90454850061887,12.420917746488067,12.169373390509039,0.8180062767629043,12.965126493799035,0.0,0.0,0.0,13.005056815421499,0.0,0.0,0.0
whole_cell,whole_cell_figure_1,158,180,False,10,33.25960591133005,10,2.9594020186143943,3.685760896181512,3.0848796004326786,0.0,3.288669008381734,0.0,0.0,0.0,3.4604532062303988,0.0,0.0,0.0
whole_cell,whole_cell_figure_1,160,378,False,4,34.80698529411765,4,7.427199106352143,8.914536927000315,7.922860385899852,0.30177669529663687,7.528013570738823,0.0,0.0,0.0,7.61448670445214,0.0,0.0,0.0
whole_cell,whole_cell_figure_1,163,167,True,37,23.82850936042425,25,11.337717940904335,11.822891033278427,11.605729796784583,0.8908499676997311,11.429563949568937,0.0,0.0,0.0,11.489814491885177,0.0,0.0,0.0
whole_cell,whole_cell_figure_1,165,175,False,15,27.957095709570957,15,8.855121850984082,9.31693601848779,9.072470375259604,0.1804737854124365,8.952800339647263,0.0,0.0,0.0,9.013384161396633,0.0,0.0,0.0
whole_cell,whole_cell_figure_1,167,173,True,26,15.220486454419614,22,17.660407380690103,18.262281862861315,17.917406703465275,0.8752143704790207,17.77245985848845,0.1254590909090909,0.02967045454545454,0.0,17.82891455601751,0.12489772727272729,0.03167727272727273,0.0
whole_cell,whole_cell_figure_1,167,174,True,37,11.783259714007642,31,19.199641100808723,19.077546665391942,19.009877222665292,0.9158165702650791,19.236646533033756,0.0020774193548387097,0.0,0.0,19.260399837656397,0.006062903225806452,9.67741935483871e-06,0.0
whole_cell,whole_cell_figure_1,179,182,True,32,3.669529932546368,31,21.37353473722128,22.426258159645094,21.95886790756555,0.7860849765260017,21.41734751316676,0.12911935483870968,0.05860483870967742,0.0,21.444944495712438,0.13013709677419355,0.059504838709677425,0.0
whole_cell,whole_cell_figure_1,189,198,False,15,19.422812846068652,15,17.572959146920997,18.322670247355468,18.138925828773367,0.795148042083241,17.614243780839526,0.0,0.0,0.0,17.641383053967047,0.0004633333333333333,0.0,0.0
whole_cell,whole_cell_figure_1,194,395,True,41,23.73264704626031,28,13.278496299368957,12.950615464797332,12.920267244814264,0.7241908738597542,13.393693303735779,0.0,0.0,0.0,13.465025035155339,0.0001,0.0,0.0
whole_cell,whole_cell_figure_1,194,396,True,36,-11.095029239766092,16,10.825923856482738,11.178589421918247,10.9442581584789,0.9532260108838337,10.881163004595432,0.0,0.0,0.0,10.921550128563865,0.0,0.0,0.0
whole_cell,whole_cell_figure_1,199,203,False,11,37.024013722126924,11,8.735903116624039,8.8588938923453,8.793935531548245,0.9604213506860447,8.827620625492962,0.0,0.0,0.0,8.890993147212638,0.0,0.0,0.0
whole_cell,whole_cell_figure_1,200,203,True,42,-5.10046457607433,21,10.349906567273857,10.451488108946458,10.067217676556071,0.9492647154956396,10.433105209177421,0.0,0.0,0.0,10.488859080780095,0.0,0.0,0.0
whole_cell,whole_cell_figure_1,206,213,False,8,48.148499210110586,8,9.516724240804237,9.28728962956588,9.13782144873537,0.2392766952966369,9.660039250373753,0.0,0.0,0.0,9.746588777115536,0.0,0.0,0.0
whole_cell,whole_cell_figure_1,214,217,False,46,37.63194982735537,30,14.835418312072173,13.495438134545797,13.584438421158959,0.8199850771018942,14.900386602149844,0.016508333333333333,3.3333333333333333e-06,0.0,14.941598984581178,0.017426666666666663,0.00010166666666666667,0.0
whole_cell,whole_cell_figure_1,218,223,True,8,13.958333333333329,8,17.840412775772982,16.25061556029017,15.95771165295536,0.9568466201129926,17.87057819581214,0.0,0.0,0.0,17.88794131780861,0.0001625,0.0,0.0
whole_cell,whole_cell_figure_1,218,388,False,24,20.86440677966101,23,16.763705087179705,14.730274744896088,14.71617164012385,0.9242089056443155,16.80125763914599,8.91304347826087e-05,0.0,0.0,16.823896196727908,0.0011934782608695653,2.173913043478261e-06,0.0
whole_cell,whole_cell_figure_1,221,227,False,36,-7.044342507645254,14,13.97619480238771,14.228081532108018,14.003176732120929,0.9892772217767954,14.043169774596615,0.0,0.0,0.0,14.087280715446203,0.0,0.0,0.0
whole_cell,whole_cell_figure_1,222,224,True,65,11.516959064327494,29,11.4742747441144,12.686023154989527,12.240074934198416,0.906807818769456,11.550681228608443,0.0,0.0,0.0,11.601058298666107,1.0344827586206895e-05,0.0,0.0
whole_cell,whole_cell_figure_1,231,235,True,59,4.59163790966808,28,16.719423745555776,17.305668511082008,17.08229152489628,0.8891712613986337,16.78789489191361,0.055900000000000005,0.0029464285714285716,0.0,16.829706331294044,0.05789285714285714,0.004564285714285714,0.0
whole_cell,whole_cell_figure_1,233,234,False,9,40.83169934640523,9,7.566585853422517,8.207677416058736,7.564989001694247,0.3563451979096164,7.665397746483164,0.0,0.0,0.0,7.729214074755912,0.0,0.0,0.0
whole_cell,whole_cell_figure_1,234,239,True,55,-6.625,20,15.553905914433802,14.816715070913688,14.48677807762204,0.6821167356486413,15.599811049013994,8.499999999999999e-05,0.0,0.0,15.628594356535242,0.0008324999999999999,0.0,0.0
whole_cell,whole_cell_figure_1,238,394,True,38,1.3294457735247107,30,16.37854290209607,16.966213311726648,16.60585834155745,0.8573576206185265,16.4432358522114,0.030098333333333335,5e-05,0.0,16.477480893060026,0.030906666666666662,0.00047499999999999994,0.0
whole_cell,whole_cell_figure_1,240,245,True,37,20.172409376200847,23,11.360888414588286,11.123526087846539,10.967699960320424,0.8792440211309235,11.431193240579763,0.0,0.0,0.0,11.483696722702565,2.173913043478261e-06,0.0,0.0
whole_cell,whole_cell_figure_1,242,252,True,30,23.237096774193546,26,7.970375644235457,7.88160022726911,7.594778248749479,0.8777312129477914,8.137593269276287,0.0,0.0,0.0,8.228369545976793,0.0,0.0,0.0
whole_cell,whole_cell_figure_1,246,264,False,16,23.456896551724142,16,24.431971665702463,24.03400945050594,23.78733579772976,0.6411323020506807,24.46802326374568,0.24731875,0.127696875,3.125e-06,24.490657461670303,0.247028125,0.130259375,0.000103125
whole_cell,whole_cell_figure_1,253,256,False,57,10.835157584226053,31,20.92209480127201,20.564701915987154,20.38650112229778,0.7605025174885393,20.97595679737455,0.22568709677419355,0.05153387096774194,0.0,21.009474076391594,0.22508870967741937,0.055190322580645164,0.0
whole_cell,whole_cell_figure_1,267,386,True,32,-10.704861111111114,21,21.34651750941759,16.702894083947623,16.600620059660855,0.7465160733433941,21.362317376048768,0.19772619047619044,0.01446904761904762,0.0,21.374851952866855,0.19515714285714286,0.020750000000000005,0.0
whole_cell,whole_cell_figure_1,268,276,True,63,-0.42471834820119625,20,8.688431000304872,8.156433619045075,8.049240945958644,0.9369917094630041,8.799959586020893,0.0,0.0,0.0,8.871659303563296,6.5e-05,0.0,0.0
whole_cell,whole_cell_figure_1,269,275,True,42,33.067915690866506,25,19.745440930096457,17.660543971234446,17.631772663252697,0.720840081626282,19.787525219185554,0.119022,0.025602,0.0,19.814497700568875,0.1232,0.026645999999999996,0.0
whole_cell,whole_cell_figure_1,274,386,False,12,-11.63220551378447,12,11.575734933889402,11.519572795175668,11.311416148077077,0.8414173646860564,11.690648759285535,0.02896666666666667,0.0,0.0,11.772932312288335,0.0344625,0.00018333333333333334,0.0
whole_cell,whole_cell_figure_1,278,283,True,27,16.30732016813387,20,15.913288923259497,14.910363756345731,14.901296861519501,0.8649314179675247,15.966894992749806,0.0114275,0.0,0.0,16.00230951602845,0.0126275,7e-05,0.0
whole_cell,whole_cell_figure_1,282,292,True,54,16.77522349936143,18,7.853640477030402,7.530561317642734,7.460536585170051,0.950732764248749,7.922206360209925,0.0,0.0,0.0,7.971952976389504,0.0,0.0,0.0
whole_cell,whole_cell_figure_1,284,296,False,37,51.67401801801802,22,14.52285417995109,14.46638548180522,14.368910749014168,0.20064607101695886,14.584089301390675,0.083625,0.004352272727272727,0.0,14.62364230505603,0.08331363636363637,0.006661363636363637,0.0
whole_cell,whole_cell_figure_1,285,291,False,25,25.628827930174566,25,14.221838285028003,13.458379557598926,13.551560248349569,0.726898703653194,14.28847347269242,0.0,0.0,0.0,14.328104108777788,1e-05,0.0,0.0
whole_cell,whole_cell_figure_1,288,300,False,32,42.21875,20,17.32288528856907,15.382376318347081,15.281570996157972,0.5469578794377712,17.364501172243745,0.06210249999999999,0.000255,0.0,17.395194286480372,0.0694375,0.0014225,0.0
whole_cell,whole_cell_figure_1,295,387,False,21,27.93357708714199,21,4.806704515417409,4.8087562160686375,4.773635524268592,0.0,5.030435887884032,0.0,0.0,0.0,5.1635197976478295,0.0,0.0,0.0
whole_cell,whole_cell_figure_1,296,307,False,20,16.064002828854314,20,20.26287366311096,20.342562186932618,20.138583094106668,0.7531704957162064,20.318924145180254,0.11023000000000001,9.999999999999999e-06,0.0,20.350453125921483,0.11006750000000001,0.0005125,0.0
whole_cell,whole_cell_figure_1,297,393,True,26,-28.425729442970805,22,9.451199680652262,9.28992453549973,9.161630391847943,0.8868774261712229,9.545306023975074,0.0,0.0,0.0,9.607504932956365,0.0,0.0,0.0
whole_cell,whole_cell_figure_1,298,305,False,19,45.78172825681224,19,14.161571190374783,13.306121345414773,13.219661917411369,0.49481891103774617,14.211168184931699,7.894736842105263e-06,0.0,0.0,14.245251568563639,0.0005421052631578948,0.0,0.0
whole_cell,whole_cell_figure_1,300,301,True,46,13.754267129652263,30,9.910974584977536,10.240316134480677,9.783887329660738,0.9360646610993986,10.002726388285506,0.0,0.0,0.0,10.06014083410332,0.0,0.0,0.0
whole_cell,whole_cell_figure_1,301,309,False,23,27.50504747626188,23,7.41022646131915,7.672436654798248,7.443898494440255,0.8944279470628078,7.53702156674623,0.0,0.0,0.0,7.614531671095052,0.0,0.0,0.0
whole_cell,whole_cell_figure_1,304,306,True,34,6.0736618971913146,25,12.454250023703212,12.235497033079607,12.146710469669431,0.8853866687583158,12.523683558056776,0.0,0.0,0.0,12.568453904144953,0.0,0.0,0.0
whole_cell,whole_cell_figure_1,307,315,False,16,26.144636015325673,16,28.1252422731535,29.9739734483829,29.50756060496052,0.7038528772260452,28.154113654346613,0.4987125,0.239325,0.0,28.172493259016917,0.49828750000000005,0.23509375,3.125e-06
whole_cell,whole_cell_figure_1,308,387,False,10,13.009253350350988,10,9.428121673791773,10.834946444796554,10.12043449734011,0.7431827742682782,9.542279729553362,0.0,0.0,0.0,9.609695364163354,0.0,0.0,0.0
whole_cell,whole_cell_figure_1,309,392,True,13,20.865883396142763,13,19.067076442280353,18.922798317595845,18.91370948096855,0.8327880618903024,19.112217895595073,0.006811538461538461,0.0,0.0,19.139654302240725,0.01153846153846154,0.0,0.0
whole_cell,whole_cell_figure_1,321,328,True,13,20.629870129870127,13,11.227345454366384,12.920447234606387,12.164250870693422,0.821610580868091,11.307744831750663,0.0,0.0,0.0,11.358180150736514,0.0,0.0,0.0
whole_cell,whole_cell_figure_1,332,338,True,64,-9.70631377551021,31,11.272702608412011,11.511015842970348,11.424578180661058,0.8992496433428845,11.355176985649683,0.0,0.0,0.0,11.409425973801273,0.0,0.0,0.0
whole_cell,whole_cell_figure_1,342,344,True,48,-4.38047235023042,31,18.637675362735816,18.694566675797212,18.50763586719012,0.918470773207652,18.699021137289872,0.10677580645161291,6.451612903225807e-05,0.0,18.737755016926947,0.1061064516129032,0.0006048387096774194,0.0
whole_cell,whole_cell_figure_1,347,357,True,63,-2.878214459000489,27,9.538297342334749,9.443475039947169,9.44727683568881,0.9307405542642244,9.608487277348013,0.0,0.0,0.0,9.65484586954602,0.0,0.0,0.0
whole_cell,whole_cell_figure_1,372,373,True,56,-40.932128190085066,26,13.4523740253478,15.44020850757974,14.662800769098446,0.8607973111077929,13.513470231013654,0.006369230769230769,0.0,0.0,13.557272580411931,0.007844230769230768,2.3076923076923076e-05,0.0
whole_cell,whole_cell_figure_1,373,374,False,26,39.74231998033915,25,15.658231481303064,16.007162300638075,15.826825930689184,0.8901014702656539,15.818329351886703,0.25077,0.11884399999999999,0.0,15.901627894709117,0.24830800000000003,0.11950200000000001,5.6e-05
whole_cell,whole_cell_figure_1,383,384,False,8,-6.30416666666666,8,24.604833624458344,23.159328157560676,23.52140641653093,0.8100712538379989,24.644841749865286,0.1416,0.12474375,0.0,24.67055270773499,0.151325,0.1227125,1.875e-05
whole_cell,whole_cell_figure_1,388,389,True,40,6.727392739273924,20,27.510278203526685,24.086982774569176,23.880847130600642,0.8945616537465421,27.530077091413126,0.3249225,0.23547249999999997,0.1499375,27.54936347577594,0.32718749999999996,0.2355675,0.149905
whole_cell,whole_cell_figure_1,389,390,False,40,-7.62408759124088,19,21.948208059470698,18.724705401119284,18.491616994684914,0.9162627695495728,21.988705951093294,0.16690526315789472,0.01488421052631579,0.0,22.01550472421149,0.1684842105263158,0.018110526315789476,0.0
whole_cell,whole_cell_figure_1,396,397,False,56,7.944246327443047,30,5.941411385137727,6.447493654453849,6.272957166987065,0.3491563831562721,6.09538649432205,0.0,0.0,0.0,6.192497946708796,0.0,0.0,0.0
whole_cell,whole_cell_figure_1,400,401,True,44,-11.681419457735245,27,13.069171870622961,13.687754626980276,13.58753658594708,0.871135333518541,13.162077510626819,0.0576037037037037,0.0020555555555555557,0.0,13.220582315622835,0.05650185185185185,0.0037425925925925925,0.0
