dataset,image,role,arm,img_min,img_max,img_mean,img_std,q01,q05,q25,q50,q75,q95,q99,c1_threshold,c1_fraction_of_max,c1_percentile_of_distribution,c1_collapsed,n_components,fg_dice,fg_iou,fg_precision,fg_recall,fg_fraction,gt_fg_fraction,src
nuclei,nuclei_figure_1,development,raw,105.0,255.0,169.1350743132658,19.56312995591895,138.0,145.0,157.0,166.0,175.0,211.0,231.0,196.35,0.77,89.44565473820792,False,2832,0.6380764611745647,0.46851122180094,0.9904478341730042,0.4706377788104089,0.1055434526179207,0.22211409445452,results/real_cellseg_round3_thresholding_20260916/masks/nuclei_nuclei_figure_1_raw.npz
nuclei,nuclei_figure_1,development,gp,114.22246551513672,280.0849609375,169.17113280313552,18.69165255044867,140.23721771240236,145.50366973876953,157.7353057861328,165.64224243164062,174.76915740966797,208.9545669555664,228.6373924255371,207.26287109375,0.74,94.42678152784536,False,229,0.3982673357633971,0.24864782036096778,0.9927575772607768,0.2490996747211896,0.055732184721546424,0.22211409445452,results/real_cellseg_round3_thresholding_20260916/masks/nuclei_nuclei_figure_1_gp.npz
nuclei,nuclei_figure_1,development,qep_q2,114.22246551513672,280.0849609375,169.17113280313552,18.69165255044867,140.23721771240236,145.50366973876953,157.7353057861328,165.64224243164062,174.76915740966797,208.9545669555664,228.6373924255371,207.26287109375,0.74,94.42678152784536,False,229,0.3982673357633971,0.24864782036096778,0.9927575772607768,0.2490996747211896,0.055732184721546424,0.22211409445452,results/real_cellseg_round3_thresholding_20260916/masks/nuclei_nuclei_figure_1_qep_q2.npz
nuclei,nuclei_figure_1,development,qep_q1.5,113.81208038330078,281.2164611816406,169.16940024399636,18.716483345616933,140.25452880859376,145.49839782714844,157.7102165222168,165.60484313964844,174.79642868041992,208.9591941833496,228.7055343627929,210.91234588623047,0.75,95.60294746464959,False,210,0.3287063012142496,0.1966777601405818,0.9945718237833759,0.19688910647902283,0.04397052535350408,0.22211409445452,results/real_cellseg_round3_thresholding_20260916/masks/nuclei_nuclei_figure_1_qep_q1.5.npz
nuclei,nuclei_figure_2,heldout_candidate,raw,94.0,255.0,125.4103422459893,18.698406634924986,103.0,109.0,116.0,122.0,127.0,169.0,208.0,150.45,0.59,93.10802139037433,False,88,0.8366492146596859,0.7191719171917191,0.9919304779639975,0.723404255319149,0.06891978609625668,0.09450267379679145,results/real_cellseg_round2_20260915/masks/nuclei_nuclei_figure_2_raw.npz
nuclei,nuclei_figure_2,heldout_candidate,gp,93.34890747070312,248.64596557617188,125.2526851608358,15.608472602211714,104.84354148864746,109.82131805419922,117.17122459411621,122.07761001586914,127.52889060974121,157.3801109313965,192.64147003173815,149.1875793457031,0.6,93.25561497326204,False,62,0.7050587769119007,0.5444716442268461,0.8464954012052014,0.6041195110909914,0.06744385026737967,0.09450267379679145,results/real_cellseg_round2_20260915/masks/nuclei_nuclei_figure_2_gp.npz
nuclei,nuclei_figure_2,heldout_candidate,qep_q2,93.34890747070312,248.64596557617188,125.2526851608358,15.608472602211714,104.84354148864746,109.82131805419922,117.17122459411621,122.07761001586914,127.52889060974121,157.3801109313965,192.64147003173815,149.1875793457031,0.6,93.25561497326204,False,62,0.7050587769119007,0.5444716442268461,0.8464954012052014,0.6041195110909914,0.06744385026737967,0.09450267379679145,results/real_cellseg_round2_20260915/masks/nuclei_nuclei_figure_2_qep_q2.npz
nuclei,nuclei_figure_2,heldout_candidate,qep_q1.5,97.92463684082031,240.49208068847656,125.26333912626052,14.705604820639438,105.72897598266601,110.42954788208007,117.4011001586914,122.20700073242188,127.54146766662598,156.25876770019534,186.92181976318358,149.10509002685546,0.62,93.28663101604278,False,58,0.690928339839873,0.5278002426202992,0.831766767564123,0.5908782254413761,0.06713368983957219,0.09450267379679145,results/real_cellseg_round2_20260915/masks/nuclei_nuclei_figure_2_qep_q1.5.npz
nuclei,nuclei_figure_3,heldout_candidate,raw,36.0,185.0,58.399665231946436,9.644265666282115,45.0,48.0,53.0,56.0,61.0,79.0,92.0,77.7,0.42,93.93790849673202,False,1078,0.4266893568744239,0.27120477366551893,0.9890211031490369,0.27202372341964415,0.06062091503267974,0.22040490993145226,results/real_cellseg_round2_20260915/masks/nuclei_nuclei_figure_3_raw.npz
nuclei,nuclei_figure_3,heldout_candidate,gp,42.39777755737305,131.24180603027344,58.37081453000152,8.148161356601364,47.411946601867676,50.00424575805664,53.283403396606445,56.04928779602051,60.65877151489258,75.57393531799316,87.31590019226074,77.43266555786133,0.59,96.0210425633668,False,141,0.30128048033329247,0.17735740176365572,0.9850761217948718,0.17783523795747144,0.0397895743663319,0.22040490993145226,results/real_cellseg_round2_20260915/masks/nuclei_nuclei_figure_3_gp.npz
nuclei,nuclei_figure_3,heldout_candidate,qep_q2,42.39777755737305,131.24180603027344,58.37081453000152,8.148161356601364,47.411946601867676,50.00424575805664,53.283403396606445,56.04928779602051,60.65877151489258,75.57393531799316,87.31590019226074,77.43266555786133,0.59,96.0210425633668,False,141,0.30128048033329247,0.17735740176365572,0.9850761217948718,0.17783523795747144,0.0397895743663319,0.22040490993145226,results/real_cellseg_round2_20260915/masks/nuclei_nuclei_figure_3_qep_q2.npz
nuclei,nuclei_figure_3,heldout_candidate,qep_q1.5,42.438472747802734,125.84417724609375,58.38104182461812,8.223182529412716,47.549327545166015,49.91634120941162,53.18430233001709,56.04096221923828,60.77906322479248,75.68985366821289,87.73445289611816,76.76494812011718,0.61,95.56591742388012,False,132,0.3295800090320638,0.19730367860425715,0.9839115585115945,0.19794228265586575,0.04434082576119879,0.22040490993145226,results/real_cellseg_round2_20260915/masks/nuclei_nuclei_figure_3_qep_q1.5.npz
nuclei,nuclei_figure_4,heldout_candidate,raw,0.0,255.0,64.17267509594298,35.6228814869838,14.0,27.0,46.0,58.0,71.0,143.0,220.0,102.0,0.4,92.48989172149122,False,1548,0.8611019329258219,0.7560834088848595,0.9644054860420473,0.7777881404935554,0.07407654879385965,0.09184998629385965,results/real_cellseg_round2_20260915/masks/nuclei_nuclei_figure_4_raw.npz
nuclei,nuclei_figure_4,heldout_candidate,gp,1.0424885749816895,270.1222839355469,64.07251063654886,30.216118275757147,21.45489803314209,31.716305923461913,50.31996154785156,58.566484451293945,66.7686882019043,130.55984420776298,195.57921752929644,91.84157653808595,0.34,90.42454769736842,False,211,0.8649966666971078,0.7621093624279875,0.8473608874575058,0.883382141724646,0.09575452302631579,0.09184998629385965,results/real_cellseg_round2_20260915/masks/nuclei_nuclei_figure_4_gp.npz
nuclei,nuclei_figure_4,heldout_candidate,qep_q2,1.0424885749816895,270.1222839355469,64.07251063654886,30.216118275757147,21.45489803314209,31.716305923461913,50.31996154785156,58.566484451293945,66.7686882019043,130.55984420776298,195.57921752929644,91.84157653808595,0.34,90.42454769736842,False,211,0.8649966666971078,0.7621093624279875,0.8473608874575058,0.883382141724646,0.09575452302631579,0.09184998629385965,results/real_cellseg_round2_20260915/masks/nuclei_nuclei_figure_4_qep_q2.npz
nuclei,nuclei_figure_4,heldout_candidate,qep_q1.5,0.4561901390552521,269.58636474609375,64.10126966816692,30.19951475958057,21.332917461395265,31.664584255218507,50.34465408325195,58.65213394165039,66.87778091430664,130.55776519775384,195.5591917419432,91.65936401367188,0.34,90.41718064692984,False,213,0.8650770466661798,0.7622341623499888,0.8471206622208713,0.8838111581578407,0.09582819353070175,0.09184998629385965,results/real_cellseg_round2_20260915/masks/nuclei_nuclei_figure_4_qep_q1.5.npz
nuclei,nuclei_figure_5,heldout_candidate,raw,0.0,255.0,61.01512336730957,31.581350278646294,20.0,29.0,44.0,55.0,67.0,130.0,197.0,96.9,0.38,92.26055145263672,False,2837,0.8929886279964002,0.8066661739708817,0.941481627522981,0.8492463987195448,0.07739448547363281,0.0858001708984375,results/real_cellseg_round2_20260915/masks/nuclei_nuclei_figure_5_raw.npz
nuclei,nuclei_figure_5,heldout_candidate,gp,10.095656394958496,268.71636962890625,60.89972717414366,28.802485264669222,26.765552520751953,34.24375629425049,46.127556800842285,54.30826187133789,64.36585426330566,123.83869743347168,186.70744705200195,91.36356567382813,0.34,91.00446701049805,False,131,0.8712430748861867,0.7718606685831306,0.851121123774185,0.8923394984883514,0.08995532989501953,0.0858001708984375,results/real_cellseg_round2_20260915/masks/nuclei_nuclei_figure_5_gp.npz
nuclei,nuclei_figure_5,heldout_candidate,qep_q2,10.095656394958496,268.71636962890625,60.89972717414366,28.802485264669222,26.765552520751953,34.24375629425049,46.127556800842285,54.30826187133789,64.36585426330566,123.83869743347168,186.70744705200195,91.36356567382813,0.34,91.00446701049805,False,131,0.8712430748861867,0.7718606685831306,0.851121123774185,0.8923394984883514,0.08995532989501953,0.0858001708984375,results/real_cellseg_round2_20260915/masks/nuclei_nuclei_figure_5_qep_q2.npz
nuclei,nuclei_figure_5,heldout_candidate,qep_q1.5,10.720443725585938,270.1878662109375,60.898926147234306,28.753337622284693,26.77504062652588,34.25707149505615,46.142340660095215,54.29719924926758,64.32519149780273,123.60568428039551,186.4378547668457,89.16199584960938,0.33,90.57168960571289,False,134,0.8646249821268753,0.76153250557385,0.8257285334250427,0.9073670638449226,0.0942831039428711,0.0858001708984375,results/real_cellseg_round2_20260915/masks/nuclei_nuclei_figure_5_qep_q1.5.npz
whole_cell,whole_cell_figure_1,development,raw,0.0,229.0,45.19576411960133,40.9611701143946,3.0,10.0,19.0,28.0,57.0,137.0,182.0,54.96,0.24,73.90836101882613,False,389,0.8274956339504017,0.7057505779175901,0.9426907038188512,0.7373881575671054,0.26091638981173865,0.33356035437430787,results/real_cellseg_round3_thresholding_20260916/masks/whole_cell_whole_cell_figure_1_raw.npz
whole_cell,whole_cell_figure_1,development,gp,-68.52111053466797,241.0319366455078,45.160814194653824,39.44512826189917,2.0398282527923586,9.108436584472656,19.04612684249878,29.344589233398438,58.73600769042969,133.05527343749998,174.9703732299805,60.25798416137695,0.25,75.68161683277962,False,284,0.8026401689708141,0.670341653503532,0.9517862428561671,0.6939044836573098,0.24318383167220375,0.33356035437430787,results/real_cellseg_round3_thresholding_20260916/masks/whole_cell_whole_cell_figure_1_gp.npz
whole_cell,whole_cell_figure_1,development,qep_q2,-68.52111053466797,241.0319366455078,45.160814194653824,39.44512826189917,2.0398282527923586,9.108436584472656,19.04612684249878,29.344589233398438,58.73600769042969,133.05527343749998,174.9703732299805,60.25798416137695,0.25,75.68161683277962,False,284,0.8026401689708141,0.670341653503532,0.9517862428561671,0.6939044836573098,0.24318383167220375,0.33356035437430787,results/real_cellseg_round3_thresholding_20260916/masks/whole_cell_whole_cell_figure_1_qep_q2.npz
whole_cell,whole_cell_figure_1,development,qep_q1.5,-37.7285041809082,237.4364776611328,45.13882679217641,38.80303387408535,2.6641295766830444,9.441625022888184,19.243656158447266,29.610671997070312,58.89020919799805,131.36983642578124,172.14894531250002,59.3591194152832,0.25,75.22369878183832,False,271,0.8103003228971206,0.6810965309079846,0.9505989362177625,0.7060888763466742,0.24776301218161684,0.33356035437430787,results/real_cellseg_round3_thresholding_20260916/masks/whole_cell_whole_cell_figure_1_qep_q1.5.npz
whole_cell,whole_cell_figure_2,heldout_candidate,raw,7.0,255.0,37.9634109375,36.45388315636628,16.0,18.0,20.0,23.0,36.0,121.0,191.0,53.55,0.21,83.63515625,False,552,0.7478294539010261,0.5972265169715278,0.9589153578078007,0.6129097222646023,0.1636484375,0.2560328125,results/real_cellseg_round2_20260915/masks/whole_cell_whole_cell_figure_2_raw.npz
whole_cell,whole_cell_figure_2,heldout_candidate,gp,-12.1542387008667,294.08807373046875,37.952730081427205,35.80137906453232,16.80437068939209,18.435441780090333,20.431107997894287,22.312623023986816,36.46842956542969,120.21281433105466,186.3750105285646,58.81761474609375,0.2,85.00546875,False,94,0.7127308275538244,0.5536766068897885,0.9648621893398635,0.565070395029934,0.1499453125,0.2560328125,results/real_cellseg_round2_20260915/masks/whole_cell_whole_cell_figure_2_gp.npz
whole_cell,whole_cell_figure_2,heldout_candidate,qep_q2,-12.1542387008667,294.08807373046875,37.952730081427205,35.80137906453232,16.80437068939209,18.435441780090333,20.431107997894287,22.312623023986816,36.46842956542969,120.21281433105466,186.3750105285646,58.81761474609375,0.2,85.00546875,False,94,0.7127308275538244,0.5536766068897885,0.9648621893398635,0.565070395029934,0.1499453125,0.2560328125,results/real_cellseg_round2_20260915/masks/whole_cell_whole_cell_figure_2_qep_q2.npz
whole_cell,whole_cell_figure_2,heldout_candidate,qep_q1.5,-13.112749099731445,294.6717834472656,37.946080691223145,35.70841551855175,17.1365585899353,18.58759489059448,20.431634426116943,22.16140842437744,36.62809658050537,120.17384300231932,185.29927185058597,58.934356689453125,0.2,85.005,False,84,0.7130689799829888,0.554084849064842,0.9653009336445482,0.5653450180335773,0.14995,0.2560328125,results/real_cellseg_round2_20260915/masks/whole_cell_whole_cell_figure_2_qep_q1.5.npz
whole_cell,whole_cell_figure_3,heldout_candidate,raw,0.0,231.0,39.79737264673311,40.24418294038128,1.0,8.0,17.0,24.0,43.0,143.0,181.0,23.1,0.1,47.15669988925803,False,529,0.721920966115237,0.5648484537931387,0.5775292083617122,0.9625823014722577,0.5284330011074198,0.3170487264673311,results/real_cellseg_round2_20260915/masks/whole_cell_whole_cell_figure_3_raw.npz
whole_cell,whole_cell_figure_3,heldout_candidate,gp,-74.6440658569336,249.27085876464844,39.66879742335579,38.95942462052752,1.3521071386337282,7.32551429271698,17.0977840423584,24.459553718566895,45.228464126586914,133.71430358886712,178.51527359008793,57.33229751586914,0.23,80.32142857142858,False,328,0.7501306594395384,0.600167261566051,0.9793469238452989,0.6078607729789204,0.19678571428571429,0.3170487264673311,results/real_cellseg_round2_20260915/masks/whole_cell_whole_cell_figure_3_gp.npz
whole_cell,whole_cell_figure_3,heldout_candidate,qep_q2,-74.6440658569336,249.27085876464844,39.66879742335579,38.95942462052752,1.3521071386337282,7.32551429271698,17.0977840423584,24.459553718566895,45.228464126586914,133.71430358886712,178.51527359008793,57.33229751586914,0.23,80.32142857142858,False,328,0.7501306594395384,0.600167261566051,0.9793469238452989,0.6078607729789204,0.19678571428571429,0.3170487264673311,results/real_cellseg_round2_20260915/masks/whole_cell_whole_cell_figure_3_qep_q2.npz
whole_cell,whole_cell_figure_3,heldout_candidate,qep_q1.5,-42.90740203857422,253.03440856933594,39.66073766028373,38.37066934926973,1.5681806123256683,7.482690978050232,17.121551036834717,24.551036834716797,45.849806785583496,131.77880859375,175.61578811645515,55.667569885253904,0.22,79.48781838316722,False,305,0.7675178147268409,0.6227415080703445,0.9769199622081253,0.6320403779318535,0.2051218161683278,0.3170487264673311,results/real_cellseg_round2_20260915/masks/whole_cell_whole_cell_figure_3_qep_q1.5.npz
whole_cell,whole_cell_figure_4,heldout_candidate,raw,14.0,255.0,46.106556,19.68552376287875,28.0,31.0,36.0,40.0,46.0,89.0,123.0,66.3,0.26,88.7642,False,1488,0.699875681911878,0.5383144305315891,0.9745456487299524,0.5459912540077487,0.112358,0.200549,results/real_cellseg_round2_20260915/masks/whole_cell_whole_cell_figure_4_raw.npz
whole_cell,whole_cell_figure_4,heldout_candidate,gp,25.283592224121094,261.8444519042969,46.08441542634773,18.937316180176396,32.242507781982425,34.10321807861328,36.81202983856201,38.94962501525879,45.32127857208252,88.29978027343749,118.90653411865236,65.46111297607422,0.25,88.381,False,48,0.7097894480944879,0.5501345862085841,0.9674584731904639,0.5605064099048113,0.11619,0.200549,results/real_cellseg_round2_20260915/masks/whole_cell_whole_cell_figure_4_gp.npz
whole_cell,whole_cell_figure_4,heldout_candidate,qep_q2,25.283592224121094,261.8444519042969,46.08441542634773,18.937316180176396,32.242507781982425,34.10321807861328,36.81202983856201,38.94962501525879,45.32127857208252,88.29978027343749,118.90653411865236,65.46111297607422,0.25,88.381,False,48,0.7097894480944879,0.5501345862085841,0.9674584731904639,0.5605064099048113,0.11619,0.200549,results/real_cellseg_round2_20260915/masks/whole_cell_whole_cell_figure_4_qep_q2.npz
whole_cell,whole_cell_figure_4,heldout_candidate,qep_q1.5,24.711929321289062,261.8063659667969,46.083402350076675,18.943838240970408,32.30450771331787,34.15244483947754,36.816433906555176,38.90849304199219,45.32393836975098,88.32350463867185,118.89064117431641,65.45159149169922,0.25,88.37230000000001,False,47,0.709247347124289,0.5494835478696349,0.9662615994564703,0.5602321627133519,0.116277,0.200549,results/real_cellseg_round2_20260915/masks/whole_cell_whole_cell_figure_4_qep_q1.5.npz
whole_cell,whole_cell_figure_5,heldout_candidate,raw,6.0,255.0,44.591745,40.526803215341026,16.0,18.0,20.0,24.0,51.0,136.0,193.0,58.650000000000006,0.23,78.214,False,866,0.7046676560547536,0.5440052966704426,0.9655007803176352,0.5547894983937417,0.21786,0.379142,results/real_cellseg_round2_20260915/masks/whole_cell_whole_cell_figure_5_raw.npz
whole_cell,whole_cell_figure_5,heldout_candidate,gp,-55.09415054321289,286.3380126953125,44.70839857356341,39.955905574271796,15.736115255355834,17.886479663848878,20.32568883895874,24.824913024902344,51.649203300476074,135.07898178100584,188.8533853149415,62.99436279296875,0.22,79.4653,False,149,0.679992266749246,0.515142638653066,0.967747276561138,0.5241413507340258,0.205347,0.379142,results/real_cellseg_round2_20260915/masks/whole_cell_whole_cell_figure_5_gp.npz
whole_cell,whole_cell_figure_5,heldout_candidate,qep_q2,-55.09415054321289,286.3380126953125,44.70839857356341,39.955905574271796,15.736115255355834,17.886479663848878,20.32568883895874,24.824913024902344,51.649203300476074,135.07898178100584,188.8533853149415,62.99436279296875,0.22,79.4653,False,149,0.679992266749246,0.515142638653066,0.967747276561138,0.5241413507340258,0.205347,0.379142,results/real_cellseg_round2_20260915/masks/whole_cell_whole_cell_figure_5_qep_q2.npz
whole_cell,whole_cell_figure_5,heldout_candidate,qep_q1.5,-30.47311019897461,292.1424560546875,44.666804496439205,39.82519860906218,15.62356258392334,17.927968311309815,20.210604667663574,24.869352340698242,51.83823871612549,134.98399505615228,187.48510559082035,64.27134033203124,0.22,79.83109999999999,False,121,0.6728669785187086,0.5070079393907945,0.9688728686244664,0.5154031998565182,0.201689,0.379142,results/real_cellseg_round2_20260915/masks/whole_cell_whole_cell_figure_5_qep_q1.5.npz
