dataset,image,arm,i,j,y_offset,x_offset,h,w,theta_hat,s_2,sigma2_hat,runtime_sec,beta1,beta2,nugget,eff_range_rows_px,eff_range_cols_px,tile_min,tile_max,pred_min,pred_max,rmse_to_raw,gradients_computed
nuclei,nuclei_figure_1,paper_fast_gp,1,1,0,0,282,240,0.6639409024734176,162.81761432751335,0.002405697611222124,0.019520044326782227,35.503950708599106,23.688954278724278,0.1705972631730777,7.914612159822017,10.089090349363909,0.5333333333333333,1.0,0.5775725105550776,0.9654932957931484,0.019803842179129443,False
nuclei,nuclei_figure_1,paper_fast_gp,1,2,282,0,282,240,0.7016616144111489,187.98721159893262,0.0027775888238612974,0.027247190475463867,35.503950708599106,23.688954278724278,0.1705972631730777,7.914612159822017,10.089090349363909,0.5607843137254902,1.0,0.6320849720279502,1.0219212528419306,0.021256775480483284,False
nuclei,nuclei_figure_1,paper_fast_gp,1,3,564,0,282,240,0.6979367415676632,187.7826273895773,0.0027745660075292155,0.03702378273010254,35.503950708599106,23.688954278724278,0.1705972631730777,7.914612159822017,10.089090349363909,0.5294117647058824,1.0,0.5898502246621421,0.9810058492200062,0.021199522262004594,False
nuclei,nuclei_figure_1,paper_fast_gp,1,4,846,0,282,240,0.6808383496204795,164.05330758110915,0.002423955490264615,0.03402304649353027,35.503950708599106,23.688954278724278,0.1705972631730777,7.914612159822017,10.089090349363909,0.5294117647058824,1.0,0.5723617410672436,0.9990780526112393,0.019882235323569995,False
nuclei,nuclei_figure_1,paper_fast_gp,2,1,0,240,282,240,0.662758217605824,151.7575478018516,0.002242280552627831,0.026103734970092773,35.503950708599106,23.688954278724278,0.1705972631730777,7.914612159822017,10.089090349363909,0.5372549019607843,0.9764705882352941,0.5697069254079052,0.9118141497265178,0.0192330849878433,False
nuclei,nuclei_figure_1,paper_fast_gp,2,2,282,240,282,240,0.6762130410985042,168.2398925947499,0.0024858140158798745,0.03561091423034668,35.503950708599106,23.688954278724278,0.1705972631730777,7.914612159822017,10.089090349363909,0.4117647058823529,1.0,0.44506993887505025,0.9548361859569465,0.020113017692680438,False
nuclei,nuclei_figure_1,paper_fast_gp,2,3,564,240,282,240,0.6527540777020314,162.10501756233262,0.002395168699207042,0.018786907196044922,35.503950708599106,23.688954278724278,0.1705972631730777,7.914612159822017,10.089090349363909,0.4980392156862745,0.996078431372549,0.5584458869095812,0.9381642483159716,0.01976822226585701,False
nuclei,nuclei_figure_1,paper_fast_gp,2,4,846,240,282,240,0.6415546197156821,148.9421890610367,0.0022006824624857665,0.017913818359375,35.503950708599106,23.688954278724278,0.1705972631730777,7.914612159822017,10.089090349363909,0.5098039215686274,1.0,0.5498035727805973,1.0235781799239148,0.018846827076707973,False
nuclei,nuclei_figure_1,paper_fast_gp,3,1,0,480,282,240,0.6958819648936945,173.1983645333858,0.0025590774901504995,0.03421902656555176,35.503950708599106,23.688954278724278,0.1705972631730777,7.914612159822017,10.089090349363909,0.5647058823529412,1.0,0.6164469979923171,0.9679668678153914,0.02045024947205278,False
nuclei,nuclei_figure_1,paper_fast_gp,3,2,282,480,282,240,0.686549784226677,176.52050400947377,0.002608163475317284,0.019450902938842773,35.503950708599106,23.688954278724278,0.1705972631730777,7.914612159822017,10.089090349363909,0.5254901960784314,1.0,0.6285652678131762,1.0094044477107873,0.02064256878608465,False
nuclei,nuclei_figure_1,paper_fast_gp,3,3,564,480,282,240,0.663681405732035,176.94337454897112,0.002614411562484798,0.025724172592163086,35.503950708599106,23.688954278724278,0.1705972631730777,7.914612159822017,10.089090349363909,0.5058823529411764,1.0,0.561323194087401,0.9524722442920818,0.02057631507824979,False
nuclei,nuclei_figure_1,paper_fast_gp,3,4,846,480,282,240,0.6166466598040038,144.15930017797572,0.0021300133005020053,0.029701948165893555,35.503950708599106,23.688954278724278,0.1705972631730777,7.914612159822017,10.089090349363909,0.49411764705882355,1.0,0.5476471928296021,0.9306223987649519,0.018734254641144966,False
nuclei,nuclei_figure_1,paper_fast_gp,4,1,0,720,282,240,0.6734674286037048,163.25101953627623,0.002412101352486351,0.03449702262878418,35.503950708599106,23.688954278724278,0.1705972631730777,7.914612159822017,10.089090349363909,0.5372549019607843,1.0,0.5842943972680135,0.9567409499918434,0.019852032332863718,False
nuclei,nuclei_figure_1,paper_fast_gp,4,2,282,720,282,240,0.6765528720790179,164.51758236874053,0.0024308153423277267,0.03153371810913086,35.503950708599106,23.688954278724278,0.1705972631730777,7.914612159822017,10.089090349363909,0.5450980392156862,1.0,0.6128323907797245,1.0236503708911784,0.01991266491328433,False
nuclei,nuclei_figure_1,paper_fast_gp,4,3,564,720,282,240,0.6198978476398295,149.57698277745405,0.002210061802267347,0.03001880645751953,35.503950708599106,23.688954278724278,0.1705972631730777,7.914612159822017,10.089090349363909,0.4823529411764706,1.0,0.5347141843996815,0.9870711258530961,0.018925937975732398,False
nuclei,nuclei_figure_1,paper_fast_gp,4,4,846,720,282,240,0.593114662500025,131.95187174552203,0.0019496434950579495,0.019032955169677734,35.503950708599106,23.688954278724278,0.1705972631730777,7.914612159822017,10.089090349363909,0.48627450980392156,1.0,0.5276989685287687,1.0224573064239317,0.01778847966547533,False
nuclei,nuclei_figure_1,paper_fast_gp_robust,1,1,0,0,282,240,0.6639409024734176,162.81761432751335,0.002405697611222124,0.03389286994934082,35.503950708599106,23.688954278724278,0.1705972631730777,7.914612159822017,10.089090349363909,0.5333333333333333,1.0,0.5775725105550776,0.9654932957931484,0.019803842179129443,False
nuclei,nuclei_figure_1,paper_fast_gp_robust,1,2,282,0,282,240,0.7016616144111489,187.98721159893262,0.0027775888238612974,0.03351879119873047,35.503950708599106,23.688954278724278,0.1705972631730777,7.914612159822017,10.089090349363909,0.5607843137254902,1.0,0.6320849720279502,1.0219212528419306,0.021256775480483284,False
nuclei,nuclei_figure_1,paper_fast_gp_robust,1,3,564,0,282,240,0.6979367415676632,187.7826273895773,0.0027745660075292155,0.0340123176574707,35.503950708599106,23.688954278724278,0.1705972631730777,7.914612159822017,10.089090349363909,0.5294117647058824,1.0,0.5898502246621421,0.9810058492200062,0.021199522262004594,False
nuclei,nuclei_figure_1,paper_fast_gp_robust,1,4,846,0,282,240,0.6808383496204795,164.05330758110915,0.002423955490264615,0.030627965927124023,35.503950708599106,23.688954278724278,0.1705972631730777,7.914612159822017,10.089090349363909,0.5294117647058824,1.0,0.5723617410672436,0.9990780526112393,0.019882235323569995,False
nuclei,nuclei_figure_1,paper_fast_gp_robust,2,1,0,240,282,240,0.662758217605824,151.7575478018516,0.002242280552627831,0.025313138961791992,35.503950708599106,23.688954278724278,0.1705972631730777,7.914612159822017,10.089090349363909,0.5372549019607843,0.9764705882352941,0.5697069254079052,0.9118141497265178,0.0192330849878433,False
nuclei,nuclei_figure_1,paper_fast_gp_robust,2,2,282,240,282,240,0.6762130410985042,168.2398925947499,0.0024858140158798745,0.024013757705688477,35.503950708599106,23.688954278724278,0.1705972631730777,7.914612159822017,10.089090349363909,0.4117647058823529,1.0,0.44506993887505025,0.9548361859569465,0.020113017692680438,False
nuclei,nuclei_figure_1,paper_fast_gp_robust,2,3,564,240,282,240,0.6527540777020314,162.10501756233262,0.002395168699207042,0.03253984451293945,35.503950708599106,23.688954278724278,0.1705972631730777,7.914612159822017,10.089090349363909,0.4980392156862745,0.996078431372549,0.5584458869095812,0.9381642483159716,0.01976822226585701,False
nuclei,nuclei_figure_1,paper_fast_gp_robust,2,4,846,240,282,240,0.6415546197156821,148.9421890610367,0.0022006824624857665,0.027805805206298828,35.503950708599106,23.688954278724278,0.1705972631730777,7.914612159822017,10.089090349363909,0.5098039215686274,1.0,0.5498035727805973,1.0235781799239148,0.018846827076707973,False
nuclei,nuclei_figure_1,paper_fast_gp_robust,3,1,0,480,282,240,0.6958819648936945,173.1983645333858,0.0025590774901504995,0.03347015380859375,35.503950708599106,23.688954278724278,0.1705972631730777,7.914612159822017,10.089090349363909,0.5647058823529412,1.0,0.6164469979923171,0.9679668678153914,0.02045024947205278,False
nuclei,nuclei_figure_1,paper_fast_gp_robust,3,2,282,480,282,240,0.686549784226677,176.52050400947377,0.002608163475317284,0.03393888473510742,35.503950708599106,23.688954278724278,0.1705972631730777,7.914612159822017,10.089090349363909,0.5254901960784314,1.0,0.6285652678131762,1.0094044477107873,0.02064256878608465,False
nuclei,nuclei_figure_1,paper_fast_gp_robust,3,3,564,480,282,240,0.663681405732035,176.94337454897112,0.002614411562484798,0.03242206573486328,35.503950708599106,23.688954278724278,0.1705972631730777,7.914612159822017,10.089090349363909,0.5058823529411764,1.0,0.561323194087401,0.9524722442920818,0.02057631507824979,False
nuclei,nuclei_figure_1,paper_fast_gp_robust,3,4,846,480,282,240,0.6166466598040038,144.15930017797572,0.0021300133005020053,0.03175497055053711,35.503950708599106,23.688954278724278,0.1705972631730777,7.914612159822017,10.089090349363909,0.49411764705882355,1.0,0.5476471928296021,0.9306223987649519,0.018734254641144966,False
nuclei,nuclei_figure_1,paper_fast_gp_robust,4,1,0,720,282,240,0.6734674286037048,163.25101953627623,0.002412101352486351,0.029935836791992188,35.503950708599106,23.688954278724278,0.1705972631730777,7.914612159822017,10.089090349363909,0.5372549019607843,1.0,0.5842943972680135,0.9567409499918434,0.019852032332863718,False
nuclei,nuclei_figure_1,paper_fast_gp_robust,4,2,282,720,282,240,0.6765528720790179,164.51758236874053,0.0024308153423277267,0.027276039123535156,35.503950708599106,23.688954278724278,0.1705972631730777,7.914612159822017,10.089090349363909,0.5450980392156862,1.0,0.6128323907797245,1.0236503708911784,0.01991266491328433,False
nuclei,nuclei_figure_1,paper_fast_gp_robust,4,3,564,720,282,240,0.6198978476398295,149.57698277745405,0.002210061802267347,0.046948909759521484,35.503950708599106,23.688954278724278,0.1705972631730777,7.914612159822017,10.089090349363909,0.4823529411764706,1.0,0.5347141843996815,0.9870711258530961,0.018925937975732398,False
nuclei,nuclei_figure_1,paper_fast_gp_robust,4,4,846,720,282,240,0.593114662500025,131.95187174552203,0.0019496434950579495,0.024780988693237305,35.503950708599106,23.688954278724278,0.1705972631730777,7.914612159822017,10.089090349363909,0.48627450980392156,1.0,0.5276989685287687,1.0224573064239317,0.01778847966547533,False
whole_cell,whole_cell_figure_1,paper_fast_gp,1,1,0,0,200,200,0.21307002232238514,825.8786308387917,0.02064696577096979,0.02172994613647461,25232.1719869518,37.99262186398631,0.0022513212375688822,0.00788675664159661,5.237859095706018,0.027450980392156862,0.8980392156862745,0.030223180724335802,0.899414377578154,0.0044009207014759156,False
whole_cell,whole_cell_figure_1,paper_fast_gp,1,2,200,0,200,200,0.1384430963923324,713.1865585910107,0.017829663964775266,0.01807999610900879,25232.1719869518,37.99262186398631,0.0022513212375688822,0.00788675664159661,5.237859095706018,0.0,0.8901960784313725,0.0005651841093711196,0.8828450853172118,0.004000661345596548,False
whole_cell,whole_cell_figure_1,paper_fast_gp,1,3,400,0,200,200,0.1598543678658864,852.3498440441149,0.021308746101102873,0.011639833450317383,25232.1719869518,37.99262186398631,0.0022513212375688822,0.00788675664159661,5.237859095706018,0.0,0.8705882352941177,-0.0015232557933696211,0.8689747099559956,0.004410919995029703,False
whole_cell,whole_cell_figure_1,paper_fast_gp,2,1,0,200,200,200,0.19299532719109044,1087.2425072386889,0.027181062680967222,0.02767491340637207,25232.1719869518,37.99262186398631,0.0022513212375688822,0.00788675664159661,5.237859095706018,0.0,0.8941176470588236,0.0028363531647779827,0.8856616969408017,0.004955754260119084,False
whole_cell,whole_cell_figure_1,paper_fast_gp,2,2,200,200,200,200,0.17799990957443088,717.4698357060649,0.017936745892651623,0.018218994140625,25232.1719869518,37.99262186398631,0.0022513212375688822,0.00788675664159661,5.237859095706018,0.0,0.8901960784313725,0.00029743887729266616,0.8726893278657258,0.004070351650000758,False
whole_cell,whole_cell_figure_1,paper_fast_gp,2,3,400,200,200,200,0.15045103034657875,572.5959113630236,0.01431489778407559,0.017129898071289062,25232.1719869518,37.99262186398631,0.0022513212375688822,0.00788675664159661,5.237859095706018,0.0,0.8549019607843137,-0.002771638966512252,0.8517190522444831,0.00354856349490986,False
whole_cell,whole_cell_figure_1,paper_fast_gp,3,1,0,400,200,200,0.2071385628464059,889.5809390045779,0.02223952347511445,0.02319788932800293,25232.1719869518,37.99262186398631,0.0022513212375688822,0.00788675664159661,5.237859095706018,0.00392156862745098,0.8784313725490196,0.013950562040365322,0.8789898434481928,0.004415242762923313,False
whole_cell,whole_cell_figure_1,paper_fast_gp,3,2,200,400,200,200,0.18829040285481882,780.9205131835714,0.019523012829589285,0.013271808624267578,25232.1719869518,37.99262186398631,0.0022513212375688822,0.00788675664159661,5.237859095706018,0.0,0.8196078431372549,-0.001602570100321249,0.8164394407269903,0.004034845242470621,False
whole_cell,whole_cell_figure_1,paper_fast_gp,3,3,400,400,200,200,0.16697024114425316,569.4631679373707,0.014236579198434268,0.02465200424194336,25232.1719869518,37.99262186398631,0.0022513212375688822,0.00788675664159661,5.237859095706018,0.0,0.8901960784313725,-0.0016080204626619243,0.8740433665862992,0.0036382756103689622,False
whole_cell,whole_cell_figure_1,paper_fast_gp_robust,1,1,0,0,200,200,0.21420007239725508,362.9555153194594,0.009073887882986485,0.012089252471923828,81.01077812334745,62.3365629464182,0.0019542913637209036,2.456463258469157,3.1923479671320947,0.027450980392156862,0.8980392156862745,0.030743466934399943,0.8948390702355793,0.002617983121546909,False
whole_cell,whole_cell_figure_1,paper_fast_gp_robust,1,2,200,0,200,200,0.14088300647021712,287.4947934453745,0.007187369836134363,0.017329931259155273,81.01077812334745,62.3365629464182,0.0019542913637209036,2.456463258469157,3.1923479671320947,0.0,0.8901960784313725,-0.001259371813285809,0.8839765699965481,0.0023080088984104813,False
whole_cell,whole_cell_figure_1,paper_fast_gp_robust,1,3,400,0,200,200,0.16062921454732548,349.22265430499743,0.008730566357624935,0.01338815689086914,81.01077812334745,62.3365629464182,0.0019542913637209036,2.456463258469157,3.1923479671320947,0.0,0.8705882352941177,0.0004191023957915152,0.8712861097060715,0.00258076682256881,False
whole_cell,whole_cell_figure_1,paper_fast_gp_robust,2,1,0,200,200,200,0.1913443722503276,401.5168581922491,0.010037921454806227,0.019831180572509766,81.01077812334745,62.3365629464182,0.0019542913637209036,2.456463258469157,3.1923479671320947,0.0,0.8941176470588236,0.0010377519848540906,0.8918429714514967,0.0027107571519856865,False
whole_cell,whole_cell_figure_1,paper_fast_gp_robust,2,2,200,200,200,200,0.17772994950379084,294.184951482901,0.007354623787072525,0.022876262664794922,81.01077812334745,62.3365629464182,0.0019542913637209036,2.456463258469157,3.1923479671320947,0.0,0.8901960784313725,-4.14057652399491e-05,0.885389630723042,0.00234062034732266,False
whole_cell,whole_cell_figure_1,paper_fast_gp_robust,2,3,400,200,200,200,0.14940011579104018,203.7076348732095,0.005092690871830238,0.021120071411132812,81.01077812334745,62.3365629464182,0.0019542913637209036,2.456463258469157,3.1923479671320947,0.0,0.8549019607843137,-0.002869389386085358,0.8539620906539496,0.0019118253104171362,False
whole_cell,whole_cell_figure_1,paper_fast_gp_robust,3,1,0,400,200,200,0.20643829595833213,304.93263571181336,0.007623315892795334,0.018145084381103516,81.01077812334745,62.3365629464182,0.0019542913637209036,2.456463258469157,3.1923479671320947,0.00392156862745098,0.8784313725490196,0.01028810012179962,0.8781485340970121,0.0023338967136468294,False
whole_cell,whole_cell_figure_1,paper_fast_gp_robust,3,2,200,400,200,200,0.1882407189976534,234.402634210627,0.005860065855265675,0.0159759521484375,81.01077812334745,62.3365629464182,0.0019542913637209036,2.456463258469157,3.1923479671320947,0.0,0.8196078431372549,-0.0013664084514562747,0.8163166875333421,0.0019829238804804053,False
whole_cell,whole_cell_figure_1,paper_fast_gp_robust,3,3,400,400,200,200,0.16717976956043681,200.48154462773076,0.005012038615693269,0.019130945205688477,81.01077812334745,62.3365629464182,0.0019542913637209036,2.456463258469157,3.1923479671320947,0.0,0.8901960784313725,-0.0012060306996408976,0.8817707683946455,0.0019015308626026965,False
