dataset,method,q,label,Threshold,AP,TP,FP,FN
nuclei,raw,,Raw,0.5,0.021333333333333333,24.0,795.0,306.0
nuclei,raw,,Raw,0.55,0.016814159292035398,19.0,800.0,311.0
nuclei,raw,,Raw,0.6,0.012334801762114538,14.0,805.0,316.0
nuclei,raw,,Raw,0.65,0.007894736842105263,9.0,810.0,321.0
nuclei,raw,,Raw,0.7,0.007011393514460999,8.0,811.0,322.0
nuclei,raw,,Raw,0.75,0.004370629370629371,5.0,814.0,325.0
nuclei,raw,,Raw,0.8,0.0034934497816593887,4.0,815.0,326.0
nuclei,raw,,Raw,0.85,0.0,0.0,819.0,330.0
nuclei,raw,,Raw,0.9,0.0,0.0,819.0,330.0
nuclei,gp_legacy,2.0,GP (legacy),0.5,0.016129032258064516,9.0,228.0,321.0
nuclei,gp_legacy,2.0,GP (legacy),0.55,0.008896797153024912,5.0,232.0,325.0
nuclei,gp_legacy,2.0,GP (legacy),0.6,0.007104795737122558,4.0,233.0,326.0
nuclei,gp_legacy,2.0,GP (legacy),0.65,0.0035398230088495575,2.0,235.0,328.0
nuclei,gp_legacy,2.0,GP (legacy),0.7,0.0017667844522968198,1.0,236.0,329.0
nuclei,gp_legacy,2.0,GP (legacy),0.75,0.0017667844522968198,1.0,236.0,329.0
nuclei,gp_legacy,2.0,GP (legacy),0.8,0.0,0.0,237.0,330.0
nuclei,gp_legacy,2.0,GP (legacy),0.85,0.0,0.0,237.0,330.0
nuclei,gp_legacy,2.0,GP (legacy),0.9,0.0,0.0,237.0,330.0
nuclei,gp,2.0,GP,0.5,0.03151862464183381,33.0,717.0,297.0
nuclei,gp,2.0,GP,0.55,0.023696682464454975,25.0,725.0,305.0
nuclei,gp,2.0,GP,0.6,0.01694915254237288,18.0,732.0,312.0
nuclei,gp,2.0,GP,0.65,0.011235955056179775,12.0,738.0,318.0
nuclei,gp,2.0,GP,0.7,0.007462686567164179,8.0,742.0,322.0
nuclei,gp,2.0,GP,0.75,0.002785515320334262,3.0,747.0,327.0
nuclei,gp,2.0,GP,0.8,0.0018552875695732839,2.0,748.0,328.0
nuclei,gp,2.0,GP,0.85,0.0,0.0,750.0,330.0
nuclei,gp,2.0,GP,0.9,0.0,0.0,750.0,330.0
nuclei,qep,2.0,QEP q=2,0.5,0.025540275049115914,26.0,688.0,304.0
nuclei,qep,2.0,QEP q=2,0.55,0.020527859237536656,21.0,693.0,309.0
nuclei,qep,2.0,QEP q=2,0.6,0.012609117361784675,13.0,701.0,317.0
nuclei,qep,2.0,QEP q=2,0.65,0.009671179883945842,10.0,704.0,320.0
nuclei,qep,2.0,QEP q=2,0.7,0.005780346820809248,6.0,708.0,324.0
nuclei,qep,2.0,QEP q=2,0.75,0.002881844380403458,3.0,711.0,327.0
nuclei,qep,2.0,QEP q=2,0.8,0.0009587727708533077,1.0,713.0,329.0
nuclei,qep,2.0,QEP q=2,0.85,0.0,0.0,714.0,330.0
nuclei,qep,2.0,QEP q=2,0.9,0.0,0.0,714.0,330.0
nuclei,qep,1.5,QEP q=1.5,0.5,0.034658511722731905,34.0,651.0,296.0
nuclei,qep,1.5,QEP q=1.5,0.55,0.025252525252525252,25.0,660.0,305.0
nuclei,qep,1.5,QEP q=1.5,0.6,0.020100502512562814,20.0,665.0,310.0
nuclei,qep,1.5,QEP q=1.5,0.65,0.011964107676969093,12.0,673.0,318.0
nuclei,qep,1.5,QEP q=1.5,0.7,0.008946322067594433,9.0,676.0,321.0
nuclei,qep,1.5,QEP q=1.5,0.75,0.003956478733926805,4.0,681.0,326.0
nuclei,qep,1.5,QEP q=1.5,0.8,0.0019743336623889436,2.0,683.0,328.0
nuclei,qep,1.5,QEP q=1.5,0.85,0.0019743336623889436,2.0,683.0,328.0
nuclei,qep,1.5,QEP q=1.5,0.9,0.0,0.0,685.0,330.0
whole_cell,raw,,Raw,0.5,0.12472406181015452,113.0,503.0,290.0
whole_cell,raw,,Raw,0.55,0.09334763948497854,87.0,529.0,316.0
whole_cell,raw,,Raw,0.6,0.06256517205422316,60.0,556.0,343.0
whole_cell,raw,,Raw,0.65,0.047276464542651594,46.0,570.0,357.0
whole_cell,raw,,Raw,0.7,0.033468559837728194,33.0,583.0,370.0
whole_cell,raw,,Raw,0.75,0.012922465208747515,13.0,603.0,390.0
whole_cell,raw,,Raw,0.8,0.00691699604743083,7.0,609.0,396.0
whole_cell,raw,,Raw,0.85,0.0019665683382497543,2.0,614.0,401.0
whole_cell,raw,,Raw,0.9,0.0,0.0,616.0,403.0
whole_cell,gp_legacy,2.0,GP (legacy),0.5,0.11583421891604676,109.0,538.0,294.0
whole_cell,gp_legacy,2.0,GP (legacy),0.55,0.08247422680412371,80.0,567.0,323.0
whole_cell,gp_legacy,2.0,GP (legacy),0.6,0.06924643584521385,68.0,579.0,335.0
whole_cell,gp_legacy,2.0,GP (legacy),0.65,0.0437375745526839,44.0,603.0,359.0
whole_cell,gp_legacy,2.0,GP (legacy),0.7,0.029411764705882353,30.0,617.0,373.0
whole_cell,gp_legacy,2.0,GP (legacy),0.75,0.01842870999030068,19.0,628.0,384.0
whole_cell,gp_legacy,2.0,GP (legacy),0.8,0.006711409395973154,7.0,640.0,396.0
whole_cell,gp_legacy,2.0,GP (legacy),0.85,0.0038240917782026767,4.0,643.0,399.0
whole_cell,gp_legacy,2.0,GP (legacy),0.9,0.0009532888465204957,1.0,646.0,402.0
whole_cell,gp,2.0,GP,0.5,0.1157556270096463,108.0,530.0,295.0
whole_cell,gp,2.0,GP,0.55,0.084375,81.0,557.0,322.0
whole_cell,gp,2.0,GP,0.6,0.06008146639511202,59.0,579.0,344.0
whole_cell,gp,2.0,GP,0.65,0.041,41.0,597.0,362.0
whole_cell,gp,2.0,GP,0.7,0.030693069306930693,31.0,607.0,372.0
whole_cell,gp,2.0,GP,0.75,0.017595307917888565,18.0,620.0,385.0
whole_cell,gp,2.0,GP,0.8,0.006769825918762089,7.0,631.0,396.0
whole_cell,gp,2.0,GP,0.85,0.0009615384615384616,1.0,637.0,402.0
whole_cell,gp,2.0,GP,0.9,0.0,0.0,638.0,403.0
whole_cell,qep,2.0,QEP q=2,0.5,0.12012987012987013,111.0,521.0,292.0
whole_cell,qep,2.0,QEP q=2,0.55,0.08832807570977919,84.0,548.0,319.0
whole_cell,qep,2.0,QEP q=2,0.6,0.06153846153846154,60.0,572.0,343.0
whole_cell,qep,2.0,QEP q=2,0.65,0.0391566265060241,39.0,593.0,364.0
whole_cell,qep,2.0,QEP q=2,0.7,0.024752475247524754,25.0,607.0,378.0
whole_cell,qep,2.0,QEP q=2,0.75,0.015701668302257114,16.0,616.0,387.0
whole_cell,qep,2.0,QEP q=2,0.8,0.0048543689320388345,5.0,627.0,398.0
whole_cell,qep,2.0,QEP q=2,0.85,0.0009671179883945841,1.0,631.0,402.0
whole_cell,qep,2.0,QEP q=2,0.9,0.0,0.0,632.0,403.0
whole_cell,qep,1.5,QEP q=1.5,0.5,0.13296703296703297,121.0,507.0,282.0
whole_cell,qep,1.5,QEP q=1.5,0.55,0.1014957264957265,95.0,533.0,308.0
whole_cell,qep,1.5,QEP q=1.5,0.6,0.07620041753653445,73.0,555.0,330.0
whole_cell,qep,1.5,QEP q=1.5,0.65,0.04989816700610998,49.0,579.0,354.0
whole_cell,qep,1.5,QEP q=1.5,0.7,0.036180904522613064,36.0,592.0,367.0
whole_cell,qep,1.5,QEP q=1.5,0.75,0.02485089463220676,25.0,603.0,378.0
whole_cell,qep,1.5,QEP q=1.5,0.8,0.014763779527559055,15.0,613.0,388.0
whole_cell,qep,1.5,QEP q=1.5,0.85,0.008806262230919765,9.0,619.0,394.0
whole_cell,qep,1.5,QEP q=1.5,0.9,0.001943634596695821,2.0,626.0,401.0
