dataset,image,arm,round,threshold_rule,n_components,fg_dice,fg_iou,fg_precision,fg_recall,fg_fraction,gt_fg_fraction,role,threshold,threshold_percentile,collapsed
nuclei,nuclei_figure_2,raw,round2,criterion_1 (per tile),88,0.8366492146596859,0.7191719171917191,0.9919304779639975,0.723404255319149,0.06891978609625668,0.09450267379679145,,,,
nuclei,nuclei_figure_2,gp,round2,criterion_1 (per tile),62,0.7050587769119007,0.5444716442268461,0.8464954012052014,0.6041195110909914,0.06744385026737967,0.09450267379679145,,,,
nuclei,nuclei_figure_2,qep_q2,round2,criterion_1 (per tile),62,0.7050587769119007,0.5444716442268461,0.8464954012052014,0.6041195110909914,0.06744385026737967,0.09450267379679145,,,,
nuclei,nuclei_figure_2,qep_q1.5,round2,criterion_1 (per tile),58,0.690928339839873,0.5278002426202992,0.831766767564123,0.5908782254413761,0.06713368983957219,0.09450267379679145,,,,
nuclei,nuclei_figure_3,raw,round2,criterion_1 (per tile),4454,0.47347381824633916,0.31016423033269974,0.5599526007850495,0.41013308259800374,0.16143392316276103,0.22040490993145226,,,,
nuclei,nuclei_figure_3,gp,round2,criterion_1 (per tile),174,0.48958502847843777,0.3241394171200776,0.9791169451073986,0.3263959207290612,0.07347361708911207,0.22040490993145226,,,,
nuclei,nuclei_figure_3,qep_q2,round2,criterion_1 (per tile),174,0.48958502847843777,0.3241394171200776,0.9791169451073986,0.3263959207290612,0.07347361708911207,0.22040490993145226,,,,
nuclei,nuclei_figure_3,qep_q1.5,round2,criterion_1 (per tile),161,0.5587113351121652,0.3876470749568032,0.6160484679422917,0.5111384348329234,0.18287103459269888,0.22040490993145226,,,,
nuclei,nuclei_figure_4,raw,round2,criterion_1 (per tile),50253,0.3275164955102446,0.19582644291021808,0.19640685605483058,0.9851336479453844,0.46069935581140353,0.09184998629385965,,,,
nuclei,nuclei_figure_4,gp,round2,criterion_1 (per tile),281,0.674999320707551,0.5094331884176851,0.5308062948045427,0.9267501072541083,0.16036355537280703,0.09184998629385965,,,,
nuclei,nuclei_figure_4,qep_q2,round2,criterion_1 (per tile),281,0.674999320707551,0.5094331884176851,0.5308062948045427,0.9267501072541083,0.16036355537280703,0.09184998629385965,,,,
nuclei,nuclei_figure_4,qep_q1.5,round2,criterion_1 (per tile),214,0.8680473745267493,0.7668583958306852,0.838073904285615,0.9002443528380369,0.09866365131578947,0.09184998629385965,,,,
nuclei,nuclei_figure_5,raw,round2,criterion_1 (per tile),36379,0.43960986695705695,0.28173074005522347,0.287946659315668,0.9288302507558243,0.2767658233642578,0.0858001708984375,,,,
nuclei,nuclei_figure_5,gp,round2,criterion_1 (per tile),155,0.7092072636807778,0.5494354312088302,0.5611943584629532,0.9632647163435888,0.14727210998535156,0.0858001708984375,,,,
nuclei,nuclei_figure_5,qep_q2,round2,criterion_1 (per tile),155,0.7092072636807778,0.5494354312088302,0.5611943584629532,0.9632647163435888,0.14727210998535156,0.0858001708984375,,,,
nuclei,nuclei_figure_5,qep_q1.5,round2,criterion_1 (per tile),140,0.6920977207588371,0.5291662318689345,0.5416713792020107,0.9581962475546861,0.1517772674560547,0.0858001708984375,,,,
whole_cell,whole_cell_figure_2,raw,round2,criterion_1 (per tile),1827,0.7299586969993872,0.574751935448697,0.8435029604736758,0.6433562592685264,0.19528125,0.2560328125,,,,
whole_cell,whole_cell_figure_2,gp,round2,criterion_1 (per tile),94,0.7843730693674119,0.6452416029967679,0.9093733149842664,0.6895844648818206,0.1941515625,0.2560328125,,,,
whole_cell,whole_cell_figure_2,qep_q2,round2,criterion_1 (per tile),94,0.7843730693674119,0.6452416029967679,0.9093733149842664,0.6895844648818206,0.1941515625,0.2560328125,,,,
whole_cell,whole_cell_figure_2,qep_q1.5,round2,criterion_1 (per tile),86,0.7906768666398246,0.6538176975436519,0.9065163184142415,0.701088117367769,0.1980125,0.2560328125,,,,
whole_cell,whole_cell_figure_3,raw,round2,criterion_1 (per tile),409,0.7711151157494505,0.627491741197325,0.8903395449868526,0.6800502977697829,0.24216500553709855,0.3170487264673311,,,,
whole_cell,whole_cell_figure_3,gp,round2,criterion_1 (per tile),318,0.7654220046615097,0.6199867546251301,0.9763114054690992,0.6294556314291203,0.20441029900332225,0.3170487264673311,,,,
whole_cell,whole_cell_figure_3,qep_q2,round2,criterion_1 (per tile),318,0.7654220046615097,0.6199867546251301,0.9763114054690992,0.6294556314291203,0.20441029900332225,0.3170487264673311,,,,
whole_cell,whole_cell_figure_3,qep_q1.5,round2,criterion_1 (per tile),282,0.7657715696896932,0.6204455762675672,0.8680512525449234,0.6850538779929792,0.25021040974529346,0.3170487264673311,,,,
whole_cell,whole_cell_figure_4,raw,round2,criterion_1 (per tile),1816,0.7433580175978532,0.5915431984668217,0.9602289774970391,0.6064004308174062,0.12665,0.200549,,,,
whole_cell,whole_cell_figure_4,gp,round2,criterion_1 (per tile),49,0.7827568111628227,0.6430570475490474,0.9210757187204751,0.6805568713880399,0.14818,0.200549,,,,
whole_cell,whole_cell_figure_4,qep_q2,round2,criterion_1 (per tile),49,0.7827568111628227,0.6430570475490474,0.9210757187204751,0.6805568713880399,0.14818,0.200549,,,,
whole_cell,whole_cell_figure_4,qep_q1.5,round2,criterion_1 (per tile),48,0.7805998796802933,0.6401507320465353,0.9173248227523381,0.6793451974330463,0.148521,0.200549,,,,
whole_cell,whole_cell_figure_5,raw,round2,criterion_1 (per tile),850,0.7105410112882424,0.5510380845831422,0.9605295085061066,0.56380459036456,0.222546,0.379142,,,,
whole_cell,whole_cell_figure_5,gp,round2,criterion_1 (per tile),166,0.7042814104609915,0.5435450383648204,0.9608670080107966,0.5558497871509883,0.219329,0.379142,,,,
whole_cell,whole_cell_figure_5,qep_q2,round2,criterion_1 (per tile),166,0.7042814104609915,0.5435450383648204,0.9608670080107966,0.5558497871509883,0.219329,0.379142,,,,
whole_cell,whole_cell_figure_5,qep_q1.5,round2,criterion_1 (per tile),136,0.709146018059599,0.5493619169796545,0.9592822667344396,0.5624779106508907,0.222311,0.379142,,,,
nuclei,nuclei_figure_2,raw,round3,li,90,0.8718273308437243,0.772778276481149,0.9890851644406148,0.7794250792213672,0.0744705882352941,0.0945026737967914,heldout_candidate,145.25325722254715,92.5529411764706,False
nuclei,nuclei_figure_2,gp,round3,li,64,0.7478836553071413,0.5972956574499436,0.7184111759799833,0.7798777727478498,0.1025882352941176,0.0945026737967914,heldout_candidate,138.6119420047352,89.74117647058823,False
nuclei,nuclei_figure_2,qep_q2,round3,li,64,0.7478836553071413,0.5972956574499436,0.7184111759799833,0.7798777727478498,0.1025882352941176,0.0945026737967914,heldout_candidate,138.6119420047352,89.74117647058823,False
nuclei,nuclei_figure_2,qep_q1.5,round3,li,58,0.7215,0.5643332029722331,0.6462737370118237,0.8165459483929379,0.1194010695187165,0.0945026737967914,heldout_candidate,136.28452185196556,88.05989304812834,False
nuclei,nuclei_figure_3,raw,round3,li,3975,0.8172274009452467,0.6909421148227118,0.845221994667491,0.7910277737595834,0.2062729156703331,0.2204049099314522,heldout_candidate,62.92426838013995,79.37270843296669,False
nuclei,nuclei_figure_3,gp,round3,li,204,0.8112123310461425,0.6823862260953765,0.8069236962161195,0.815546795891798,0.2227602423083054,0.2204049099314522,heldout_candidate,61.69707137877856,77.72397576916946,False
nuclei,nuclei_figure_3,qep_q2,round3,li,204,0.8112123310461425,0.6823862260953765,0.8069236962161195,0.815546795891798,0.2227602423083054,0.2204049099314522,heldout_candidate,61.69707137877856,77.72397576916946,False
nuclei,nuclei_figure_3,qep_q1.5,round3,li,206,0.8066964285714285,0.6760194537972316,0.7967934245802173,0.8168486908722696,0.2259524948190658,0.2204049099314522,heldout_candidate,61.655794752255225,77.40475051809341,False
nuclei,nuclei_figure_4,raw,round3,li,1782,0.8626316113539807,0.7584452143785189,0.9588228584464468,0.7839808994422787,0.0751010827850877,0.0918499862938596,heldout_candidate,101.43638492361671,92.48989172149122,False
nuclei,nuclei_figure_4,gp,round3,li,211,0.8649246433239195,0.7619975521772739,0.8479445181176302,0.8825987204118558,0.0956037554824561,0.0918499862938596,heldout_candidate,91.92053365287676,90.43962445175438,False
nuclei,nuclei_figure_4,qep_q2,round3,li,211,0.8649246433239195,0.7619975521772739,0.8479445181176302,0.8825987204118558,0.0956037554824561,0.0918499862938596,heldout_candidate,91.92053365287676,90.43962445175438,False
nuclei,nuclei_figure_4,qep_q1.5,round3,li,212,0.8655458335242109,0.762962364722985,0.8505600172867073,0.8810691835630747,0.0951445997807017,0.0918499862938596,heldout_candidate,92.06025709649728,90.48554002192982,False
nuclei,nuclei_figure_5,raw,round3,li,5480,0.8873116547535153,0.797448502578641,0.8930155585076441,0.8816801529432687,0.0847110748291015,0.0858001708984375,heldout_candidate,91.7602354069218,91.52889251708984,False
nuclei,nuclei_figure_5,gp,round3,li,133,0.8619486797296319,0.7573899914503484,0.8065084745762712,0.9255735372576916,0.0984668731689453,0.0858001708984375,heldout_candidate,86.147156288868,90.15331268310548,False
nuclei,nuclei_figure_5,qep_q2,round3,li,133,0.8619486797296319,0.7573899914503484,0.8065084745762712,0.9255735372576916,0.0984668731689453,0.0858001708984375,heldout_candidate,86.147156288868,90.15331268310548,False
nuclei,nuclei_figure_5,qep_q1.5,round3,li,133,0.8562438504427681,0.7486244780185315,0.7943671078655105,0.9285746043037524,0.1002960205078125,0.0858001708984375,heldout_candidate,85.70383653578706,89.97039794921875,False
whole_cell,whole_cell_figure_2,raw,round3,li,516,0.7405157511465095,0.5879515776561728,0.9603376840631018,0.6025838973276131,0.160653125,0.2560328125,heldout_candidate,54.74288962635998,83.93468750000001,False
whole_cell,whole_cell_figure_2,gp,round3,li,91,0.703168372952554,0.5422202530281348,0.9663237867599984,0.5526635379986696,0.14643125,0.2560328125,heldout_candidate,60.207101298374454,85.356875,False
whole_cell,whole_cell_figure_2,qep_q2,round3,li,91,0.703168372952554,0.5422202530281348,0.9663237867599984,0.5526635379986696,0.14643125,0.2560328125,heldout_candidate,60.207101298374454,85.356875,False
whole_cell,whole_cell_figure_2,qep_q1.5,round3,li,80,0.7038714560167666,0.5430568281859178,0.9667782587372328,0.5533836605415565,0.146553125,0.2560328125,heldout_candidate,60.271515762213,85.3446875,False
whole_cell,whole_cell_figure_3,raw,round3,li,389,0.7553810792232343,0.6069175605588588,0.9810154833310084,0.614130529698388,0.1984772978959025,0.3170487264673311,heldout_candidate,54.94379621346405,80.15227021040975,False
whole_cell,whole_cell_figure_3,gp,round3,li,334,0.7023988848670158,0.5413057037909765,0.9855831414240196,0.5456260151242599,0.1755204872646733,0.3170487264673311,heldout_candidate,63.715649301271355,82.44795127353267,False
whole_cell,whole_cell_figure_3,qep_q2,round3,li,334,0.7023988848670158,0.5413057037909765,0.9855831414240196,0.5456260151242599,0.1755204872646733,0.3170487264673311,heldout_candidate,63.715649301271355,82.44795127353267,False
whole_cell,whole_cell_figure_3,qep_q1.5,round3,li,316,0.7319014134682312,0.5771644422930641,0.982779176049808,0.5830611781553992,0.1880980066445182,0.3170487264673311,heldout_candidate,60.33353653330545,81.19019933554817,False
whole_cell,whole_cell_figure_4,raw,round3,li,2367,0.7794372559662424,0.6385884378138,0.939625270001196,0.6659120713641056,0.142129,0.200549,heldout_candidate,58.83743327815185,85.78710000000001,False
whole_cell,whole_cell_figure_4,gp,round3,li,60,0.7921561278121833,0.655843148317935,0.91995990080726,0.6955307680417254,0.151624,0.200549,heldout_candidate,56.419268620668376,84.83760000000001,False
whole_cell,whole_cell_figure_4,qep_q2,round3,li,60,0.7921561278121833,0.655843148317935,0.91995990080726,0.6955307680417254,0.151624,0.200549,heldout_candidate,56.419268620668376,84.83760000000001,False
whole_cell,whole_cell_figure_4,qep_q1.5,round3,li,56,0.7900961500190481,0.6530239159347141,0.9190570992043282,0.6928730634408549,0.151193,0.200549,heldout_candidate,56.55563048630434,84.8807,False
whole_cell,whole_cell_figure_5,raw,round3,li,871,0.7182470203914119,0.5603630588873252,0.9639189453298508,0.5723686639834152,0.225132,0.379142,heldout_candidate,56.10153892038043,77.4868,False
whole_cell,whole_cell_figure_5,gp,round3,li,144,0.660851627805046,0.4934864885224524,0.9702406488120774,0.5010708388941346,0.195804,0.379142,heldout_candidate,66.05901309970713,80.4196,False
whole_cell,whole_cell_figure_5,qep_q2,round3,li,144,0.660851627805046,0.4934864885224524,0.9702406488120774,0.5010708388941346,0.195804,0.379142,heldout_candidate,66.05901309970713,80.4196,False
whole_cell,whole_cell_figure_5,qep_q1.5,round3,li,123,0.6772954830388856,0.5120535042814836,0.9682631529910212,0.5207943198062995,0.203927,0.379142,heldout_candidate,63.57410518848731,79.60730000000001,False
