q,d,pkg_rescalor,sqrt_a_qd,rel_diff
1.0,1,1.732050807568877,1.7320508075688774,2.5639502485114184e-16
1.0,2,2.0,1.9999999999999993,3.3306690738754706e-16
1.0,5,2.6457513110645903,2.6457513110645907,1.6784994417006302e-16
1.0,20,4.690415759823439,4.690415759823439,0.0
1.2,1,1.3923632757781417,1.3923632757781421,3.189463680747232e-16
1.2,2,1.5454335032009912,1.5454335032009916,2.8735575418174853e-16
1.2,5,1.8833635129513142,1.8833635129513147,2.357958019236313e-16
1.2,20,2.787998609811674,2.787998609811674,0.0
1.5,1,1.1564172941138293,1.156417294113829,1.9201079580462838e-16
1.5,2,1.2247904222088715,1.2247904222088712,1.8129191811002311e-16
1.5,5,1.3610325034066841,1.3610325034066841,0.0
1.5,20,1.6654565779085155,1.665456577908517,9.332649407330251e-16
1.8,1,1.0442825462649097,1.0442825462649095,2.1262885769681715e-16
1.8,2,1.0660306162829403,1.06603061628294,2.082910204767491e-16
1.8,5,1.1060577633428286,1.1060577633428288,2.007531724689928e-16
1.8,20,1.1846576056955476,1.1846576056955476,0.0
2.0,1,0.9999999999999999,0.9999999999999997,2.220446049250314e-16
2.0,2,1.0,1.0,0.0
2.0,5,0.9999999999999999,0.9999999999999997,2.220446049250314e-16
2.0,20,1.0000000000000018,1.0000000000000009,8.881784197001244e-16
3.0,1,0.9115157294471439,0.9115157294471439,0.0
3.0,2,0.8464687908274151,0.8464687908274152,1.3115935716187764e-16
3.0,5,0.7483727739059114,0.7483727739059115,1.483516054212761e-16
3.0,20,0.6036194054531523,0.6036194054531517,9.19638280839965e-16
