dataset,image,role,arm,variant,oracle,ap50,ap75,n_pred,n_gt,n_markers,merged,rule,scope,fg_dice,fg_iou
nuclei,nuclei_figure_1,development,(none),ORACLE_foreground,True,0.8764705882352941,0.7196765498652291,308,330.0,308.0,57,,,,
nuclei,nuclei_figure_1,development,raw,real_pipeline,False,0.6933333333333334,0.35683760683760685,305,330.0,11943.0,58,,,,
nuclei,nuclei_figure_1,development,raw,ORACLE_markers_real_fg,True,0.7235772357723578,0.38562091503267976,306,330.0,325.0,47,,,,
nuclei,nuclei_figure_1,development,gp,real_pipeline,False,0.625,0.2972972972972973,294,330.0,309.0,82,,,,
nuclei,nuclei_figure_1,development,gp,ORACLE_markers_real_fg,True,0.609375,0.30105263157894735,288,330.0,328.0,85,,,,
nuclei,nuclei_figure_1,development,qep_q2,real_pipeline,False,0.625,0.2972972972972973,294,330.0,309.0,82,,,,
nuclei,nuclei_figure_1,development,qep_q2,ORACLE_markers_real_fg,True,0.609375,0.30105263157894735,288,330.0,328.0,85,,,,
nuclei,nuclei_figure_1,development,qep_q1.5,real_pipeline,False,0.59846547314578,0.2966804979253112,295,330.0,306.0,85,,,,
nuclei,nuclei_figure_1,development,qep_q1.5,ORACLE_markers_real_fg,True,0.5984455958549223,0.30168776371308015,287,330.0,328.0,88,,,,
nuclei,nuclei_figure_2,heldout_candidate,(none),ORACLE_foreground,True,0.8205128205128205,0.6705882352941176,65,77.0,66.0,19,,,,
nuclei,nuclei_figure_2,heldout_candidate,raw,real_pipeline,False,0.7804878048780488,0.5051546391752577,69,77.0,90.0,13,,,,
nuclei,nuclei_figure_2,heldout_candidate,raw,ORACLE_markers_real_fg,True,0.9230769230769231,0.6304347826086957,73,77.0,75.0,4,,,,
nuclei,nuclei_figure_2,heldout_candidate,gp,real_pipeline,False,0.45652173913043476,0.06349206349206349,57,77.0,64.0,24,,,,
nuclei,nuclei_figure_2,heldout_candidate,gp,ORACLE_markers_real_fg,True,0.627906976744186,0.08527131782945736,63,77.0,67.0,12,,,,
nuclei,nuclei_figure_2,heldout_candidate,qep_q2,real_pipeline,False,0.45652173913043476,0.06349206349206349,57,77.0,64.0,24,,,,
nuclei,nuclei_figure_2,heldout_candidate,qep_q2,ORACLE_markers_real_fg,True,0.627906976744186,0.08527131782945736,63,77.0,67.0,12,,,,
nuclei,nuclei_figure_2,heldout_candidate,qep_q1.5,real_pipeline,False,0.3894736842105263,0.03125,55,77.0,59.0,29,,,,
nuclei,nuclei_figure_2,heldout_candidate,qep_q1.5,ORACLE_markers_real_fg,True,0.5217391304347826,0.029411764705882353,63,77.0,67.0,16,,,,
nuclei,nuclei_figure_3,heldout_candidate,(none),ORACLE_foreground,True,0.8070866141732284,0.6161971830985915,208,251.0,210.0,77,,,,
nuclei,nuclei_figure_3,heldout_candidate,raw,real_pipeline,False,0.6654545454545454,0.30113636363636365,207,251.0,3985.0,71,,,,
nuclei,nuclei_figure_3,heldout_candidate,raw,ORACLE_markers_real_fg,True,0.8226415094339623,0.41228070175438597,232,251.0,247.0,16,,,,
nuclei,nuclei_figure_3,heldout_candidate,gp,real_pipeline,False,0.47,0.13953488372093023,190,251.0,225.0,104,,,,
nuclei,nuclei_figure_3,heldout_candidate,gp,ORACLE_markers_real_fg,True,0.5865724381625441,0.15721649484536082,198,251.0,240.0,76,,,,
nuclei,nuclei_figure_3,heldout_candidate,qep_q2,real_pipeline,False,0.47,0.13953488372093023,190,251.0,225.0,104,,,,
nuclei,nuclei_figure_3,heldout_candidate,qep_q2,ORACLE_markers_real_fg,True,0.5865724381625441,0.15721649484536082,198,251.0,240.0,76,,,,
nuclei,nuclei_figure_3,heldout_candidate,qep_q1.5,real_pipeline,False,0.45695364238410596,0.12244897959183673,189,251.0,227.0,104,,,,
nuclei,nuclei_figure_3,heldout_candidate,qep_q1.5,ORACLE_markers_real_fg,True,0.5789473684210527,0.1450381679389313,199,251.0,239.0,76,,,,
nuclei,nuclei_figure_4,heldout_candidate,(none),ORACLE_foreground,True,0.9058823529411765,0.7802197802197802,232,254.0,232.0,42,,,,
nuclei,nuclei_figure_4,heldout_candidate,raw,real_pipeline,False,0.8141263940520446,0.43529411764705883,234,254.0,1785.0,37,,,,
nuclei,nuclei_figure_4,heldout_candidate,raw,ORACLE_markers_real_fg,True,0.9457364341085271,0.5075075075075075,248,254.0,253.0,8,,,,
nuclei,nuclei_figure_4,heldout_candidate,gp,real_pipeline,False,0.6857142857142857,0.34472934472934474,218,254.0,222.0,59,,,,
nuclei,nuclei_figure_4,heldout_candidate,gp,ORACLE_markers_real_fg,True,0.8088235294117647,0.38591549295774646,238,254.0,251.0,29,,,,
nuclei,nuclei_figure_4,heldout_candidate,qep_q2,real_pipeline,False,0.6857142857142857,0.34472934472934474,218,254.0,222.0,59,,,,
nuclei,nuclei_figure_4,heldout_candidate,qep_q2,ORACLE_markers_real_fg,True,0.8088235294117647,0.38591549295774646,238,254.0,251.0,29,,,,
nuclei,nuclei_figure_4,heldout_candidate,qep_q1.5,real_pipeline,False,0.6917562724014337,0.3409090909090909,218,254.0,222.0,58,,,,
nuclei,nuclei_figure_4,heldout_candidate,qep_q1.5,ORACLE_markers_real_fg,True,0.7985347985347986,0.3753501400560224,237,254.0,251.0,31,,,,
nuclei,nuclei_figure_5,heldout_candidate,(none),ORACLE_foreground,True,0.9803921568627451,0.9423076923076923,152,151.0,152.0,2,,,,
nuclei,nuclei_figure_5,heldout_candidate,raw,real_pipeline,False,0.7572254335260116,0.5916230366492147,153,151.0,5495.0,8,,,,
nuclei,nuclei_figure_5,heldout_candidate,raw,ORACLE_markers_real_fg,True,0.9090909090909091,0.68,143,151.0,145.0,4,,,,
nuclei,nuclei_figure_5,heldout_candidate,gp,real_pipeline,False,0.7167630057803468,0.3561643835616438,146,151.0,149.0,17,,,,
nuclei,nuclei_figure_5,heldout_candidate,gp,ORACLE_markers_real_fg,True,0.8481012658227848,0.37735849056603776,141,151.0,147.0,13,,,,
nuclei,nuclei_figure_5,heldout_candidate,qep_q2,real_pipeline,False,0.7167630057803468,0.3561643835616438,146,151.0,149.0,17,,,,
nuclei,nuclei_figure_5,heldout_candidate,qep_q2,ORACLE_markers_real_fg,True,0.8481012658227848,0.37735849056603776,141,151.0,147.0,13,,,,
nuclei,nuclei_figure_5,heldout_candidate,qep_q1.5,real_pipeline,False,0.7325581395348837,0.33035714285714285,147,151.0,150.0,17,,,,
nuclei,nuclei_figure_5,heldout_candidate,qep_q1.5,ORACLE_markers_real_fg,True,0.808641975308642,0.33181818181818185,142,151.0,149.0,15,,,,
whole_cell,whole_cell_figure_1,development,(none),ORACLE_foreground,True,0.684931506849315,0.44422700587084146,335,403.0,341.0,166,,,,
whole_cell,whole_cell_figure_1,development,raw,real_pipeline,False,0.5276073619631901,0.07947976878612717,344,403.0,525.0,147,,,,
whole_cell,whole_cell_figure_1,development,raw,ORACLE_markers_real_fg,True,0.6185344827586207,0.08840579710144927,348,403.0,398.0,129,,,,
whole_cell,whole_cell_figure_1,development,gp,real_pipeline,False,0.44529750479846447,0.03576341127922971,350,403.0,407.0,144,,,,
whole_cell,whole_cell_figure_1,development,gp,ORACLE_markers_real_fg,True,0.49490835030549896,0.04261363636363636,331,403.0,397.0,142,,,,
whole_cell,whole_cell_figure_1,development,qep_q2,real_pipeline,False,0.44529750479846447,0.03576341127922971,350,403.0,407.0,144,,,,
whole_cell,whole_cell_figure_1,development,qep_q2,ORACLE_markers_real_fg,True,0.49490835030549896,0.04261363636363636,331,403.0,397.0,142,,,,
whole_cell,whole_cell_figure_1,development,qep_q1.5,real_pipeline,False,0.4502923976608187,0.07050359712230216,341,403.0,382.0,155,,,,
whole_cell,whole_cell_figure_1,development,qep_q1.5,ORACLE_markers_real_fg,True,0.5135135135135135,0.07692307692307693,325,403.0,397.0,153,,,,
whole_cell,whole_cell_figure_2,heldout_candidate,(none),ORACLE_foreground,True,0.25,0.10294117647058823,109,41.0,115.0,4,,,,
whole_cell,whole_cell_figure_2,heldout_candidate,raw,real_pipeline,False,0.13333333333333333,0.02,112,41.0,584.0,2,,,,
whole_cell,whole_cell_figure_2,heldout_candidate,raw,ORACLE_markers_real_fg,True,0.40384615384615385,0.04285714285714286,32,41.0,39.0,13,,,,
whole_cell,whole_cell_figure_2,heldout_candidate,gp,real_pipeline,False,0.14285714285714285,0.014084507042253521,103,41.0,141.0,0,,,,
whole_cell,whole_cell_figure_2,heldout_candidate,gp,ORACLE_markers_real_fg,True,0.36363636363636365,0.0273972602739726,34,41.0,39.0,9,,,,
whole_cell,whole_cell_figure_2,heldout_candidate,qep_q2,real_pipeline,False,0.14285714285714285,0.014084507042253521,103,41.0,141.0,0,,,,
whole_cell,whole_cell_figure_2,heldout_candidate,qep_q2,ORACLE_markers_real_fg,True,0.36363636363636365,0.0273972602739726,34,41.0,39.0,9,,,,
whole_cell,whole_cell_figure_2,heldout_candidate,qep_q1.5,real_pipeline,False,0.15254237288135594,0.014925373134328358,95,41.0,124.0,0,,,,
whole_cell,whole_cell_figure_2,heldout_candidate,qep_q1.5,ORACLE_markers_real_fg,True,0.34545454545454546,0.027777777777777776,33,41.0,39.0,11,,,,
whole_cell,whole_cell_figure_3,heldout_candidate,(none),ORACLE_foreground,True,0.7291196388261851,0.5258964143426295,349,417.0,352.0,147,,,,
whole_cell,whole_cell_figure_3,heldout_candidate,raw,real_pipeline,False,0.4704761904761905,0.026595744680851064,355,417.0,461.0,108,,,,
whole_cell,whole_cell_figure_3,heldout_candidate,raw,ORACLE_markers_real_fg,True,0.49233716475095785,0.025,362,417.0,414.0,90,,,,
whole_cell,whole_cell_figure_3,heldout_candidate,gp,real_pipeline,False,0.30887372013651876,0.006561679790026247,350,417.0,384.0,110,,,,
whole_cell,whole_cell_figure_3,heldout_candidate,gp,ORACLE_markers_real_fg,True,0.3456140350877193,0.00788436268068331,350,417.0,407.0,97,,,,
whole_cell,whole_cell_figure_3,heldout_candidate,qep_q2,real_pipeline,False,0.30887372013651876,0.006561679790026247,350,417.0,384.0,110,,,,
whole_cell,whole_cell_figure_3,heldout_candidate,qep_q2,ORACLE_markers_real_fg,True,0.3456140350877193,0.00788436268068331,350,417.0,407.0,97,,,,
whole_cell,whole_cell_figure_3,heldout_candidate,qep_q1.5,real_pipeline,False,0.3613595706618962,0.014666666666666666,344,417.0,373.0,118,,,,
whole_cell,whole_cell_figure_3,heldout_candidate,qep_q1.5,ORACLE_markers_real_fg,True,0.39488117001828155,0.017333333333333333,346,417.0,408.0,115,,,,
whole_cell,whole_cell_figure_4,heldout_candidate,(none),ORACLE_foreground,True,0.29292929292929293,0.14798206278026907,183,73.0,185.0,14,,,,
whole_cell,whole_cell_figure_4,heldout_candidate,raw,real_pipeline,False,0.15846994535519127,0.05472636815920398,139,73.0,2460.0,15,,,,
whole_cell,whole_cell_figure_4,heldout_candidate,raw,ORACLE_markers_real_fg,True,0.4175824175824176,0.1415929203539823,56,73.0,67.0,29,,,,
whole_cell,whole_cell_figure_4,heldout_candidate,gp,real_pipeline,False,0.20394736842105263,0.057803468208092484,110,73.0,122.0,22,,,,
whole_cell,whole_cell_figure_4,heldout_candidate,gp,ORACLE_markers_real_fg,True,0.2765957446808511,0.10091743119266056,47,73.0,66.0,42,,,,
whole_cell,whole_cell_figure_4,heldout_candidate,qep_q2,real_pipeline,False,0.20394736842105263,0.057803468208092484,110,73.0,122.0,22,,,,
whole_cell,whole_cell_figure_4,heldout_candidate,qep_q2,ORACLE_markers_real_fg,True,0.2765957446808511,0.10091743119266056,47,73.0,66.0,42,,,,
whole_cell,whole_cell_figure_4,heldout_candidate,qep_q1.5,real_pipeline,False,0.23776223776223776,0.05357142857142857,104,73.0,114.0,22,,,,
whole_cell,whole_cell_figure_4,heldout_candidate,qep_q1.5,ORACLE_markers_real_fg,True,0.29347826086956524,0.09174311926605505,46,73.0,66.0,41,,,,
whole_cell,whole_cell_figure_5,heldout_candidate,(none),ORACLE_foreground,True,0.199288256227758,0.10130718954248366,248,89.0,250.0,12,,,,
whole_cell,whole_cell_figure_5,heldout_candidate,raw,real_pipeline,False,0.13703703703703704,0.013201320132013201,218,89.0,1043.0,9,,,,
whole_cell,whole_cell_figure_5,heldout_candidate,raw,ORACLE_markers_real_fg,True,0.4260869565217391,0.031446540880503145,75,89.0,87.0,24,,,,
whole_cell,whole_cell_figure_5,heldout_candidate,gp,real_pipeline,False,0.07291666666666667,0.003246753246753247,220,89.0,272.0,7,,,,
whole_cell,whole_cell_figure_5,heldout_candidate,gp,ORACLE_markers_real_fg,True,0.21323529411764705,0.006097560975609756,76,89.0,86.0,19,,,,
whole_cell,whole_cell_figure_5,heldout_candidate,qep_q2,real_pipeline,False,0.07291666666666667,0.003246753246753247,220,89.0,272.0,7,,,,
whole_cell,whole_cell_figure_5,heldout_candidate,qep_q2,ORACLE_markers_real_fg,True,0.21323529411764705,0.006097560975609756,76,89.0,86.0,19,,,,
whole_cell,whole_cell_figure_5,heldout_candidate,qep_q1.5,real_pipeline,False,0.09124087591240876,0.010135135135135136,210,89.0,243.0,9,,,,
whole_cell,whole_cell_figure_5,heldout_candidate,qep_q1.5,ORACLE_markers_real_fg,True,0.27906976744186046,0.018518518518518517,76,89.0,86.0,20,,,,
nuclei,nuclei_figure_1,,raw,threshold_scope_2x2,False,0.3288888888888889,0.04363001745200698,268,,,27,criterion_1,global,0.6380764611745647,0.46851122180094
nuclei,nuclei_figure_1,,raw,threshold_scope_2x2,False,0.3961456102783726,0.08848080133555926,322,,,46,criterion_1,per_tile,0.6756497274564008,0.5101744919482075
nuclei,nuclei_figure_1,,raw,threshold_scope_2x2,False,0.6933333333333334,0.35683760683760685,305,,,58,li,global,0.8393101933871858,0.7231132629970317
nuclei,nuclei_figure_1,,raw,threshold_scope_2x2,False,0.7123655913978495,0.41555555555555557,307,,,64,li,per_tile,0.864453294087092,0.76126617213171
nuclei,nuclei_figure_1,,gp,threshold_scope_2x2,False,0.08669354838709678,0.009363295880149813,209,,,11,criterion_1,global,0.3982673357633971,0.24864782036096778
nuclei,nuclei_figure_1,,gp,threshold_scope_2x2,False,0.3029045643153527,0.07903780068728522,298,,,66,criterion_1,per_tile,0.6446616062906232,0.4756462366024119
nuclei,nuclei_figure_1,,gp,threshold_scope_2x2,False,0.625,0.2972972972972973,294,,,82,li,global,0.8568645033689786,0.7495738745706672
nuclei,nuclei_figure_1,,gp,threshold_scope_2x2,False,0.6375661375661376,0.3694690265486726,289,,,92,li,per_tile,0.8802738761587345,0.7861510573129433
nuclei,nuclei_figure_1,,qep_q2,threshold_scope_2x2,False,0.08669354838709678,0.009363295880149813,209,,,11,criterion_1,global,0.3982673357633971,0.24864782036096778
nuclei,nuclei_figure_1,,qep_q2,threshold_scope_2x2,False,0.3029045643153527,0.07903780068728522,298,,,66,criterion_1,per_tile,0.6446616062906232,0.4756462366024119
nuclei,nuclei_figure_1,,qep_q2,threshold_scope_2x2,False,0.625,0.2972972972972973,294,,,82,li,global,0.8568645033689786,0.7495738745706672
nuclei,nuclei_figure_1,,qep_q2,threshold_scope_2x2,False,0.6375661375661376,0.3694690265486726,289,,,92,li,per_tile,0.8802738761587345,0.7861510573129433
nuclei,nuclei_figure_1,,qep_q1.5,threshold_scope_2x2,False,0.06378600823045268,0.003883495145631068,187,,,7,criterion_1,global,0.3287063012142496,0.1966777601405818
nuclei,nuclei_figure_1,,qep_q1.5,threshold_scope_2x2,False,0.3235294117647059,0.08736059479553904,255,,,38,criterion_1,per_tile,0.6442981359557741,0.475250608591592
nuclei,nuclei_figure_1,,qep_q1.5,threshold_scope_2x2,False,0.59846547314578,0.2966804979253112,295,,,85,li,global,0.8558432192317742,0.7480121899527895
nuclei,nuclei_figure_1,,qep_q1.5,threshold_scope_2x2,False,0.6282722513089005,0.3610503282275711,292,,,90,li,per_tile,0.8798312670404856,0.7854453004735715
whole_cell,whole_cell_figure_1,,raw,threshold_scope_2x2,False,0.5276073619631901,0.07947976878612717,344,,,147,criterion_1,global,0.8274956339504017,0.7057505779175901
whole_cell,whole_cell_figure_1,,raw,threshold_scope_2x2,False,0.4461538461538462,0.09620991253644315,349,,,165,criterion_1,per_tile,0.8017099886112413,0.669045040008386
whole_cell,whole_cell_figure_1,,raw,threshold_scope_2x2,False,0.5276073619631901,0.07947976878612717,344,,,147,li,global,0.8274956339504017,0.7057505779175901
whole_cell,whole_cell_figure_1,,raw,threshold_scope_2x2,False,0.5525773195876289,0.10572687224669604,350,,,141,li,per_tile,0.8305393415830026,0.7101900654847468
whole_cell,whole_cell_figure_1,,gp,threshold_scope_2x2,False,0.47808764940239046,0.05547652916073969,339,,,149,criterion_1,global,0.8026401689708141,0.670341653503532
whole_cell,whole_cell_figure_1,,gp,threshold_scope_2x2,False,0.3047138047138047,0.03748326639892905,372,,,187,criterion_1,per_tile,0.7569113807402856,0.6088957528957529
whole_cell,whole_cell_figure_1,,gp,threshold_scope_2x2,False,0.44529750479846447,0.03576341127922971,350,,,144,li,global,0.7880879732467596,0.6502848027328172
whole_cell,whole_cell_figure_1,,gp,threshold_scope_2x2,False,0.4723320158102767,0.07814761215629522,342,,,153,li,per_tile,0.8110812034015388,0.6822006731848053
whole_cell,whole_cell_figure_1,,qep_q2,threshold_scope_2x2,False,0.47808764940239046,0.05547652916073969,339,,,149,criterion_1,global,0.8026401689708141,0.670341653503532
whole_cell,whole_cell_figure_1,,qep_q2,threshold_scope_2x2,False,0.3047138047138047,0.03748326639892905,372,,,187,criterion_1,per_tile,0.7569113807402856,0.6088957528957529
whole_cell,whole_cell_figure_1,,qep_q2,threshold_scope_2x2,False,0.44529750479846447,0.03576341127922971,350,,,144,li,global,0.7880879732467596,0.6502848027328172
whole_cell,whole_cell_figure_1,,qep_q2,threshold_scope_2x2,False,0.4723320158102767,0.07814761215629522,342,,,153,li,per_tile,0.8110812034015388,0.6822006731848053
whole_cell,whole_cell_figure_1,,qep_q1.5,threshold_scope_2x2,False,0.43822393822393824,0.07040229885057471,342,,,158,criterion_1,global,0.8103003228971206,0.6810965309079846
whole_cell,whole_cell_figure_1,,qep_q1.5,threshold_scope_2x2,False,0.41187384044526903,0.09496402877697842,358,,,157,criterion_1,per_tile,0.8019905154675592,0.6694358649260278
whole_cell,whole_cell_figure_1,,qep_q1.5,threshold_scope_2x2,False,0.4502923976608187,0.07050359712230216,341,,,155,li,global,0.8086531991352528,0.6787722924578186
whole_cell,whole_cell_figure_1,,qep_q1.5,threshold_scope_2x2,False,0.45155038759689925,0.09985315712187959,346,,,156,li,per_tile,0.8281782449981795,0.7067442138389833
