dataset,gt_id_1,gt_id_2,merged,interface_len_px,local_contrast,seed,loss_q2,loss_q15,finite,max_abs_delta,mean_abs_delta,rmse_between,corr_between,mc_se_mean,mc_se_max,snr_mean,snr_max,nonuniform_sd_over_mean,mean_absdelta_interface,n_px_interface,mean_absdelta_interior,n_px_interior,mean_absdelta_background,n_px_background,mean_absdelta_patch_edge,n_px_patch_edge,localization_ratio,edge_over_interface
nuclei,293,299,True,35,-2.1542367219686014,73,0.5513921404541016,0.5985879819817347,True,2.3281713913718534,0.6159580903760682,0.7911335187497709,0.9986760366907896,0.11156572567853984,0.28440973414213894,5.521033333757542,8.185976469456236,0.8060214821672202,0.5829746587613271,35,0.44118536851376794,244,,0,0.718940958531282,184,1.3213825760478148,1.2332284906840525
nuclei,293,299,True,35,-2.1542367219686014,137,0.5462456757161638,0.6170954845612753,True,3.907132869439039,0.9653269097400607,1.2066475057870227,0.9972077434114602,0.10865664599622141,0.3387025333282811,8.884195723965476,11.535587971679336,0.7499807811577951,1.1141082537090394,35,0.7486235402760855,244,,0,1.0129178606630853,184,1.4882089511881587,0.9091736438455819
nuclei,293,299,True,35,-2.1542367219686014,211,0.5528138216625759,0.5946400765287779,True,3.937374634699779,0.9828400292886298,1.2434776415428843,0.9968758641017981,0.10280642849950627,0.3214980610196692,9.560102842142307,12.246962305812758,0.7750492042136541,1.5426221257969261,35,0.8106056404345299,244,,0,0.9277715731199195,184,1.9030488425543086,0.6014250396159904
nuclei,15,19,True,52,-8.62177378542512,73,0.24859259725482524,0.2956155650126304,True,2.767274748604166,0.6648699651684478,0.8540924900531467,0.9990638016819783,0.08515758502402475,0.25541936516997105,7.807524896119047,10.834240178941243,0.8063493156475915,0.6478525949115982,52,0.5938622060090427,171,,0,0.4706310299912379,184,1.0909140005143438,0.7264477038259871
nuclei,15,19,True,52,-8.62177378542512,137,0.2556005295116867,0.3186652208379687,True,2.762564040425474,0.7219511918301198,0.9172707118891289,0.9990056111582805,0.0863407308315091,0.26356349311811716,8.361652546571353,10.481588355589968,0.7837613820168331,0.6060947189529725,52,0.6748927214286876,171,,0,0.7770853076928413,184,0.8980608320533138,1.282118592016863
nuclei,15,19,True,52,-8.62177378542512,211,0.26525040325646987,0.32246276074808544,True,3.094440841875411,0.8545232880048281,1.0562249234039358,0.9990274798326305,0.10539870352890769,0.31960193959933153,8.107531301563478,9.682171659392154,0.7264948461886888,0.5338715522841403,52,1.077703493761541,171,,0,0.8471596885017368,184,0.4953788823869841,1.5868230567394168
nuclei,288,292,True,56,1.2942246415294676,73,0.9210540403059476,0.9543061224795275,True,3.7433682175768013,0.7938660402896909,1.0221463675407814,0.9949963656960916,0.09858063986192743,0.24037288569542203,8.052960920131822,15.573171685928196,0.8110477516950324,1.5773869110872347,56,0.5949731391322975,301,,0,0.8004765063157627,184,2.6511901249654377,0.5074699813275513
nuclei,288,292,True,56,1.2942246415294676,137,0.9119994273085975,0.9402257525841196,True,2.674660209109021,0.6055158247178324,0.7728052802022192,0.9973408967443068,0.1028176498571296,0.3470877958403571,5.889220630497076,7.706004766411406,0.7930197240413812,0.9273623812048035,56,0.461235944087112,301,,0,0.6021195872940557,184,2.0106030180285686,0.6492818767478994
nuclei,288,292,True,56,1.2942246415294676,211,0.9080628474566583,0.9389514368888042,True,3.4414395303820697,0.7803418522961946,0.9945686028509179,0.9956996155453222,0.10116191148514078,0.28181583279631467,7.713791098251593,12.2116614110514,0.7902057286723007,0.8067021475982047,56,0.6564056801727627,301,,0,0.8807474739520076,184,1.2289688708755304,1.091787689637691
nuclei,164,165,True,92,2.711670480549202,73,0.7848391644613313,0.8265317383616371,True,2.0768154555519516,0.4101028430592527,0.5544856382161503,0.998767821232208,0.06638282714804868,0.20141763889455522,6.177845395837554,10.310990968567513,0.9099886557164955,0.5821693399648825,81,0.3677842172567465,226,,0,0.5351662453411862,184,1.5829100669604752,0.9192621606858725
nuclei,164,165,True,92,2.711670480549202,137,0.772707564737232,0.8322432394634472,True,4.018592070669399,0.6930942994368795,0.8934187697626764,0.9970240638434588,0.06258106055120283,0.2039992639303745,11.075144673679679,19.699051816387705,0.8133856415983206,0.6928708423144404,81,0.8140978520186194,226,,0,0.8815104529384875,184,0.851090370274793,1.2722579723429006
nuclei,164,165,True,92,2.711670480549202,211,0.7762944031652226,0.8560447312827704,True,6.319545339711084,0.9214958477283489,1.2024637052687397,0.994268074982636,0.0720167907884679,0.24946262190545057,12.79556944483992,25.33263416956417,0.8383165853472028,0.9668052491739526,81,0.9179553020430458,226,,0,1.1022995647935783,184,1.0532160411538383,1.1401464418355127
nuclei,196,205,False,4,17.633199999999988,73,0.43750477716532304,0.5093389015758429,True,3.549072554944331,0.6557407204856763,0.8754628725711117,0.998953141265268,0.09926136230191535,0.24278511569489988,6.606203111449974,14.618163657958071,0.8845476607163644,0.26306330308333514,4,0.7216732734263168,231,,0,0.7045572032114922,184,0.3645185609193743,2.678280075379033
nuclei,196,205,False,4,17.633199999999988,137,0.4464604061273787,0.5134954607032824,True,2.154806590457241,0.6450961917605175,0.8253172924015916,0.9991464835949149,0.09763480956793665,0.24738128686085442,6.607235622369336,8.710467221674953,0.7979911576691723,0.5268495803174318,4,0.6885050972218247,231,,0,0.6562468229914922,184,0.7652079591615423,1.2456056671737261
nuclei,196,205,False,4,17.633199999999988,211,0.46226931017479533,0.5087632471549204,True,6.235939017544268,1.1333266131312891,1.4633714818804435,0.9978569989096308,0.13165899914425305,0.4099510341913389,8.608045181093564,15.211424042008225,0.8168496646636576,0.5668912736050871,4,1.0054522679558342,231,,0,1.0387504620586652,184,0.5638171912005558,1.8323627658842547
nuclei,260,261,False,27,4.5931500061934685,73,0.4723545288276204,0.5179581857648433,True,4.258129579190552,0.9479035942603594,1.23369836911396,0.9953273488663021,0.06865753207907328,0.1673791910788245,13.80625789416161,25.440017673315523,0.833010987926035,0.6869840960034781,27,0.9152712798240301,128,1.3058314019862867,3,0.9419714161472426,184,0.7505797583155428,1.3711691749884025
nuclei,260,261,False,27,4.5931500061934685,137,0.48078625234991385,0.5351450474514463,True,3.6181328007236004,0.9284714421576679,1.2010634820602293,0.995478234612904,0.07362840739779752,0.16800358488932496,12.610233943284255,21.536045216577392,0.8205979316185583,0.6236576464605624,27,1.043876632274684,128,1.3102439390548568,3,0.9047882136908604,184,0.5974438235115643,1.4507770710834627
nuclei,260,261,False,27,4.5931500061934685,211,0.49823274481736607,0.53738525708187,True,2.4627908056489787,0.7521588117130686,0.9349682097351193,0.9973323696070718,0.07936404798700966,0.19717229254618357,9.477324188859196,12.490552165548921,0.7383522491758255,1.2086981357113398,27,0.8758174289973195,128,0.6013864076646579,3,0.6967558306033506,184,1.3800800208955868,0.5764514811576984
nuclei,125,126,False,35,5.020217917675552,73,0.1896673146334712,0.21519077045645563,True,4.881730621252331,0.8436475342233207,1.0552802415912812,0.9988908990798756,0.10003407389843974,0.36064527265484114,8.433601685360125,13.536100405021628,0.7514231588675088,0.8795688368796813,35,0.854710617079804,299,,0,0.8772189400445408,184,1.0290837849713481,0.997328353692615
nuclei,125,126,False,35,5.020217917675552,137,0.2214197754934878,0.24961002411832994,True,2.4020438669674036,0.803037005529603,0.9896424294738926,0.9990799159141083,0.1115840020568845,0.35206039127617217,7.196703745400906,6.82281769403344,0.7202410840666696,1.4328412765274607,35,0.6790749992929067,299,,0,0.753595473014638,184,2.109989733121408,0.5259448379662834
nuclei,125,126,False,35,5.020217917675552,211,0.2033713032149612,0.19229354191966322,True,3.1206215221199045,0.8428710529735268,1.036923177285587,0.9993068385398723,0.1075229762437746,0.3830113802071314,7.838985511920552,8.147594780166276,0.7165610834429424,1.9710274806762942,35,0.6038697111880916,299,,0,0.7434791655921893,184,3.2639946070458965,0.3772038557966165
nuclei,294,299,False,86,3.962634591522232,73,1.0734530341598973,1.1121929064631588,True,3.101797413660506,0.6607723670542525,0.8255230371735671,0.9940834986126296,0.08609186921733006,0.2470302046787985,7.675200609086564,12.556348798292195,0.7488835474242993,0.9090849265250449,78,0.5514863325756197,270,,0,0.6596154381931558,184,1.648426937943002,0.7255817569371872
nuclei,294,299,False,86,3.962634591522232,137,1.0891361522569798,1.1162137111459347,True,4.674561409400951,0.6861179854680152,0.9264817937687527,0.9908640277175913,0.09770538078218724,0.2866865595158499,7.022315249940687,16.3054780708773,0.9074005378703514,0.7115264694062733,78,0.6905057953488127,270,,0,0.8786070697338381,184,1.0304424295915457,1.2348199364487222
nuclei,294,299,False,86,3.962634591522232,211,1.0929947244724483,1.1184374506791457,True,3.66380131724668,0.6894894799865924,0.9007856215708073,0.9913975418403527,0.08541001301809775,0.23244060402958136,8.072700794934835,15.7623119787643,0.8407255940446693,0.5085307682249873,78,0.7474568025782042,270,,0,0.9883155798912849,184,0.6803480367974593,1.9434725323326518
whole_cell,130,379,True,4,-78.4225721784777,73,0.098404639345438,0.13200453163175602,True,25.58518731005512,2.8225555372967457,4.3536346039565625,0.9963686255254701,0.23598789281023475,0.6705892191876558,11.96059468850146,38.153293518569726,1.1743654940867794,7.513262716381782,4,2.745839006114606,106,0.9206553814378339,10,2.1188234227907943,184,2.7362357005093085,0.28201109195489066
whole_cell,130,379,True,4,-78.4225721784777,137,0.11233326698698806,0.16182636776523407,True,19.753466804240645,3.2863424073072935,4.6398446837055465,0.9958439761425835,0.2518542382421152,0.6540534954301496,13.048588859354558,30.201607272581636,0.9966641658249674,6.119887199712693,4,2.3545877873863557,106,0.8035811078530166,10,2.8260006899575103,184,2.599133161437953,0.4617733297584604
whole_cell,130,379,True,4,-78.4225721784777,211,0.12242869269860113,0.12999013215731164,True,26.1977615914179,3.7206427200750296,5.318842277480824,0.9952665410233251,0.3322748214202241,1.2127080117563298,11.197486177773236,21.602695238630808,1.0215729360736592,2.3015961878917395,4,4.569043379853337,106,0.6526649876814041,10,3.5395924279954585,184,0.5037369962474769,1.5378859448136828
whole_cell,179,182,True,32,3.669529932546368,73,-0.001654484754215757,-0.0627414266969966,True,8.848302918502874,2.952950500308836,3.6387389854062895,0.9983156349975116,0.26612210257600705,0.9315499363853249,11.096224145701859,9.498474073045157,0.720007959982897,5.620499389431132,32,3.52538632096528,138,1.9521269725726433,11,2.3832344297030947,184,1.5942931859712308,0.42402538717192334
whole_cell,179,182,True,32,3.669529932546368,137,-0.012903111396043571,0.020931328021070558,True,11.231881588619274,2.019671343971967,2.7799930169073055,0.9988396590496983,0.2801720326706065,0.7932941039892268,7.208682910711722,14.158534057088877,0.9458524992526436,2.539010756465104,32,1.8249312676805929,138,0.5976720597210359,11,1.5896187103724353,184,1.3912911688406078,0.6260779740002188
whole_cell,179,182,True,32,3.669529932546368,211,-0.041902637904614654,-0.08402694294896398,True,8.97976911857333,1.9126865051020496,2.543516523069456,0.9991692302849293,0.2959308251974314,1.2082975056530576,6.463289195459761,7.431753418807205,0.876586678686152,3.7792234591260314,32,1.5798157637625472,138,0.9518241119228876,11,1.79314907535676,184,2.392192523845498,0.47447553571532836
whole_cell,1,12,True,44,-0.7409090909090992,73,0.14291846348929504,0.21786797420200896,True,19.426228086244834,3.65545316784769,5.182707380939343,0.9957165730383061,0.3241796589481516,0.9772028412326241,11.276010283027453,19.879422435715576,1.0050678588461492,7.622935137009953,44,4.23726814152435,74,0.28125554656378643,13,2.279912666832388,184,1.7990211811961503,0.2990859328925982
whole_cell,1,12,True,44,-0.7409090909090992,137,0.20729370896775842,0.2914809090089027,True,16.24528538344643,4.466419568748546,5.742619382842987,0.9943215031446396,0.3382759573262703,1.0720287511946627,13.203479206890968,15.153777699845062,0.8081505099314595,6.597930741868705,44,3.7891340527570017,74,1.115073884956253,13,3.800345153443055,184,1.741276674301877,0.5759904585428701
whole_cell,1,12,True,44,-0.7409090909090992,211,0.1266210788623028,0.09580021438473943,True,16.41271491400485,3.0381146742359766,4.1669780201936835,0.9975232786253326,0.3583042078656447,1.1347361105389362,8.479148744396536,14.463904657277302,0.9387205163198817,5.324820222304129,44,2.581348902284945,74,3.407714413509827,13,2.9190850915753623,184,2.062805309886909,0.5482035016596731
whole_cell,133,141,True,83,-2.647221798586756,73,0.16602962982153777,0.3336010138057106,True,26.25093276772286,5.677107610671788,7.665726887131559,0.9857523904311876,0.33674938501978086,1.0486272113005355,16.858553759016697,25.03361774787987,0.9073456167887956,8.029547675164938,83,9.806244569983477,4,,0,3.8363999476980823,184,0.8188198466661808,0.4777853128095758
whole_cell,133,141,True,83,-2.647221798586756,137,0.19114325778101984,0.21548288732584947,True,11.132592880532215,2.8791838099525537,3.75991816494481,0.9966271719208232,0.32139481347046744,0.8997743265186703,8.958401596039192,12.372650066162134,0.8398616421306228,3.594591937931858,83,6.302946295837877,4,,0,2.4798525431876737,184,0.5703034373473134,0.6898843000839902
whole_cell,133,141,True,83,-2.647221798586756,211,0.2759735539855297,0.36533600517949677,True,21.1158088437612,4.367879669468126,6.03426587683592,0.9910849293561105,0.37610583746491705,1.253244436386918,11.613432269249369,16.848914888972267,0.9531881371242833,5.854774021621953,83,1.850593273605707,4,,0,3.376398772180494,184,3.1637281433615483,0.576691561401225
whole_cell,59,77,False,4,40.45858895705521,73,-0.00921019240093967,-0.015395025372363851,True,15.497315786396584,1.6968147505954465,2.418270442127939,0.99875307214968,0.226990651981506,0.8176910894674089,7.475262684974772,18.95253107929858,1.0154529751762735,5.263558439440278,4,2.0399685281684015,113,0.6801561662958185,110,1.9072433099272987,184,2.5802155115433063,0.3623486528877816
whole_cell,59,77,False,4,40.45858895705521,137,-0.03294779745424122,-0.04578771708538898,True,10.500414179081254,2.153958079979217,3.0392186827243615,0.9979400007893522,0.19794579837949772,1.0042313796174906,10.881554938840841,10.456170153815386,0.995439509687577,1.5807414596895004,4,2.7547892615618843,113,1.137475610588226,110,1.8516710299923904,184,0.5738157476311878,1.1713939801111484
whole_cell,59,77,False,4,40.45858895705521,211,0.045288005458727985,-0.0484959359630149,True,11.831555874818704,2.7441345163548574,3.588572049114917,0.9976651508023148,0.2359120630352456,1.4542981585128762,11.63202288619247,8.135577842522551,0.8427001088686149,3.710535588861198,4,2.836827985060012,113,1.4791018137220633,110,2.6029673745582818,184,1.3079875157755478,0.7015071846695747
whole_cell,189,198,False,15,19.422812846068652,73,0.16103865638508924,0.19826020211969175,True,19.23389005122675,3.7308424233803756,5.042471215265866,0.9942909263642506,0.22373767738877945,0.6956430992457794,16.6750744305683,27.649077626271655,0.9092438911339759,10.64416092518565,15,3.646424074307216,160,1.2052820811256253,23,3.1272446273669505,184,2.9190683004164657,0.2937990743795906
whole_cell,189,198,False,15,19.422812846068652,137,0.11565927551165868,0.2410702542644974,True,27.20958506966703,4.779650511792502,6.8624179376174075,0.9901803674597182,0.24342538895481294,0.7230004698333838,19.63497124237829,37.6342564147123,1.0302421650678044,8.813656822149767,15,4.28534227394066,160,1.9728243111130928,23,3.6601141463621936,184,2.0566984522440532,0.41527758797731856
whole_cell,189,198,False,15,19.422812846068652,211,0.1668124791074421,0.19841380998620178,True,14.357595486523579,3.275069636258554,4.353322898650238,0.9972405334067884,0.2732090968707609,0.9415169939562298,11.987410645436144,15.249427868734836,0.8757020533257496,6.2772622447742625,15,3.4614401476109804,160,0.6381010871201059,23,3.0458855487933474,184,1.8134828213357115,0.48522515549338513
whole_cell,218,388,False,24,20.86440677966101,73,0.18313091193075354,0.2934118134940379,True,20.958722523061155,3.0256284108095404,4.226333261699384,0.9963298752131882,0.3762248918420956,1.01392745230683,8.04207397334948,20.67083051689454,0.9752821891633651,1.6185034741360376,24,2.237660370056363,78,1.5050095792394953,9,3.548480752605337,184,0.7233016662377902,2.1924455580792173
whole_cell,218,388,False,24,20.86440677966101,137,0.18616649025412374,0.2864625231782172,True,22.736411218938144,3.490463696448752,4.835210966259167,0.9950544842304745,0.3930815541724669,1.1765194791744407,8.879744316156057,19.325146435222816,0.9586209773554949,6.6114489775627705,24,3.3047510995409097,78,1.8446185751018902,9,2.9152329086373006,184,2.0005890847517143,0.44093706516237313
whole_cell,218,388,False,24,20.86440677966101,211,0.18922182383516334,0.30914436327821593,True,14.635911313278456,3.414252713878553,4.538523494567362,0.99626146340905,0.41440214879603315,1.1215350300848628,8.23898409744741,13.049892264329012,0.8757883813647466,2.6221398686724533,24,3.0986528555806787,78,2.0194611055492024,9,3.401026736184895,184,0.8462193058993283,1.297042456360949
whole_cell,253,256,False,57,10.835157584226051,73,-0.002383930398874093,-0.02293489395463557,True,6.290329181230831,1.287887815339727,1.6554409958579923,0.9990754056999654,0.21344254655648295,0.6466542735594704,6.033885165434509,9.727499590478363,0.8076095558762382,1.6901337351040464,57,1.6070899444886335,35,0.43936374517942794,27,1.3520813204174806,184,1.0516733932037867,0.7999848132338742
whole_cell,253,256,False,57,10.835157584226051,137,0.027583913994912067,0.10287273076148887,True,13.405141861751673,2.6783585979595426,3.720575930812257,0.9959135964370373,0.23325992192857747,0.8335035770281125,11.482292267848898,16.082884622461005,0.9641936257630297,4.055576418420531,57,2.650492841184691,35,0.6493952049085244,27,1.3969258732497867,184,1.5301216269679905,0.3444457036748004
whole_cell,253,256,False,57,10.835157584226051,211,0.017660360079866714,0.027431802520255844,True,6.279990227424477,1.6202149783739561,2.1247543856409217,0.998429273476063,0.243910217755752,0.7858568431184604,6.642669558010952,7.991264926197034,0.8483968320916101,2.457550993359035,57,3.437130188622284,35,0.5390295369926031,27,1.4319255402531739,184,0.7150008461984104,0.5826636127277206
